{
  "folds": "GroupKFold(n_splits=6)",
  "model_params": {
    "objective": "binary",
    "boosting_type": "gbdt",
    "metric": "auc",
    "n_jobs": -1,
    "learning_rate": 0.007,
    "num_leaves": 256,
    "max_depth": -1,
    "tree_learner": "serial",
    "colsample_bytree": 0.5,
    "subsample_freq": 1,
    "subsample": 0.7,
    "max_bin": 255,
    "verbose": -1,
    "seed": 1337,
    "feature_fraction_seed": 1337,
    "bagging_seed": 1337,
    "drop_seed": 1337,
    "data_random_seed": 1337
  },
  "fit_params": {
    "verbose_eval": 100,
    "early_stopping_rounds": 100
  },
  "trials": {
    "Fold1": {
      "trn_score": 1.0,
      "val_score": 0.9180917272854672,
      "best_iteration": 2601,
      "elapsed_time": "33.88 min.",
      "feature_importance_top10": {
        "V258": 380682.72761172056,
        "R_emaildomain": 139975.2907629609,
        "C1_fq_enc": 115175.10730654001,
        "C14": 106193.98983556032,
        "C1": 94963.84565472603,
        "V201": 93635.4598069787,
        "V294": 81063.71344655752,
        "V257": 74351.54829132557,
        "C13": 66079.470256567,
        "D2_scaled": 60783.10990720987
      }
    },
    "Fold2": {
      "trn_score": 0.9999994040200368,
      "val_score": 0.9473201253202319,
      "best_iteration": 1877,
      "elapsed_time": "19.58 min.",
      "feature_importance_top10": {
        "V258": 343309.3579773903,
        "V201": 117455.35716378689,
        "C14": 116096.10725986958,
        "C1_fq_enc": 99596.15805876255,
        "V294": 92776.08321797848,
        "R_emaildomain": 89009.98999583721,
        "C13": 80446.1392146349,
        "C1": 76911.5160498023,
        "V317": 73691.6497592926,
        "D2_scaled": 66673.309648633
      }
    },
    "Fold3": {
      "trn_score": 0.9999997158989788,
      "val_score": 0.9432870382179919,
      "best_iteration": 1976,
      "elapsed_time": "20.79 min.",
      "feature_importance_top10": {
        "V258": 356615.3243378401,
        "C14": 110893.01948487759,
        "V201": 102200.20069265366,
        "V257": 94933.23345565796,
        "C1_fq_enc": 93907.38644194603,
        "V294": 88785.03914535046,
        "C13": 77962.48566699028,
        "C1": 74929.99558246136,
        "V317": 72869.80144071579,
        "R_emaildomain": 68967.15384423733
      }
    },
    "Fold4": {
      "trn_score": 0.9999984147672825,
      "val_score": 0.9424256796907065,
      "best_iteration": 1876,
      "elapsed_time": "19.86 min.",
      "feature_importance_top10": {
        "V258": 374534.62747108936,
        "C14": 116876.9659101963,
        "C1_fq_enc": 101100.08436846733,
        "V257": 99888.22870874405,
        "V294": 96620.80138599873,
        "C13": 87620.91134679317,
        "C1": 82312.15714263916,
        "R_emaildomain": 80989.97952270508,
        "V317": 72895.9813541174,
        "D2_scaled": 69545.26197826862
      }
    },
    "Fold5": {
      "trn_score": 0.999869067734713,
      "val_score": 0.9504394187793922,
      "best_iteration": 1316,
      "elapsed_time": "13.84 min.",
      "feature_importance_top10": {
        "V258": 369476.51513409615,
        "C14": 111353.78625655174,
        "R_emaildomain": 103585.13440227509,
        "V201": 101204.86279988289,
        "C1_fq_enc": 96334.77701663971,
        "V294": 87773.528049469,
        "C13": 80803.48852705956,
        "C1": 77473.8940076828,
        "V317": 75630.13227200508,
        "D2_scaled": 69714.2732000351
      }
    },
    "Fold6": {
      "trn_score": 0.9999902146337376,
      "val_score": 0.9577799084705843,
      "best_iteration": 1726,
      "elapsed_time": "18.65 min.",
      "feature_importance_top10": {
        "V258": 399958.71925234795,
        "C14": 118792.75392794609,
        "V257": 108576.51468539238,
        "C1_fq_enc": 103235.84951400757,
        "V294": 90712.29578566551,
        "V201": 89769.95626163483,
        "C13": 88519.00184941292,
        "R_emaildomain": 78155.9253257513,
        "C1": 78087.25572812557,
        "D2_scaled": 75274.65961670876
      }
    },
    "Full": {
      "val_score": 0.9406213882045771,
      "val_score_mean": 0.943223982960729,
      "val_score_std": 0.012335500281262372
    }
  },
  "features": [
    [
      "KonstantinFeature2",
      {}
    ]
  ],
  "cols_to_drop": [
    "TransactionID",
    "TransactionDT",
    "isFraud",
    "DT",
    "DT_M",
    "DT_W",
    "DT_D",
    "is_december",
    "uid",
    "uid2",
    "uid3",
    "uid4",
    "uid5",
    "bank_type"
  ]
}