{
  "folds": "StratifiedKFold(n_splits=5, random_state=42, shuffle=True)",
  "model_params": {
    "objective": "binary",
    "boosting_type": "gbdt",
    "metric": "auc",
    "n_jobs": -1,
    "learning_rate": 0.005,
    "num_leaves": 256,
    "max_depth": -1,
    "tree_learner": "serial",
    "colsample_bytree": 0.5,
    "subsample_freq": 1,
    "subsample": 0.7,
    "max_bin": 255,
    "verbose": -1,
    "seed": 1337,
    "feature_fraction_seed": 1337,
    "bagging_seed": 1337,
    "drop_seed": 1337,
    "data_random_seed": 1337
  },
  "fit_params": {
    "verbose_eval": 100,
    "early_stopping_rounds": 100
  },
  "trials": {
    "Fold1": {
      "trn_score": 0.9999997770713513,
      "val_score": 0.9753481939079343,
      "best_iteration": 5190,
      "elapsed_time": "48.86 min.",
      "feature_importance_top10": {
        "V258": 544351.6786232293,
        "TransactionAmt": 248860.38220250607,
        "C13": 221607.2340991497,
        "C1_fq_enc": 219458.40334439278,
        "uid3_TransactionAmt_std": 207384.29996091127,
        "uid3_TransactionAmt_mean": 199138.2619946003,
        "C14": 190409.99966827035,
        "card1": 187452.85261386633,
        "V294": 186876.45577830076,
        "uid3_fq_enc": 183152.17263111472
      }
    },
    "Fold2": {
      "trn_score": 0.9999999822187864,
      "val_score": 0.9775667239685796,
      "best_iteration": 5664,
      "elapsed_time": "52.97 min.",
      "feature_importance_top10": {
        "V258": 530039.7462987304,
        "TransactionAmt": 253748.92231929302,
        "C1_fq_enc": 226201.64292749763,
        "C13": 218159.24375274777,
        "uid3_TransactionAmt_std": 209768.0127246678,
        "uid3_TransactionAmt_mean": 192444.13476118445,
        "C14": 189123.85800731182,
        "card1": 188949.23345911503,
        "uid3_fq_enc": 181523.0707051456,
        "V294": 173178.83771842718
      }
    },
    "Fold3": {
      "trn_score": 1.0,
      "val_score": 0.9778154324405554,
      "best_iteration": 6552,
      "elapsed_time": "60.99 min.",
      "feature_importance_top10": {
        "V258": 523058.7121538222,
        "TransactionAmt": 261479.01995065808,
        "V201": 224923.69399136305,
        "C13": 224029.57259309292,
        "C1_fq_enc": 219844.1324148178,
        "uid3_TransactionAmt_std": 217035.12843599916,
        "uid3_TransactionAmt_mean": 197144.46157351136,
        "card1": 193202.49503949285,
        "C14": 191687.54709112644,
        "uid3_fq_enc": 185567.8836491406
      }
    },
    "Fold4": {
      "trn_score": 0.9999999552843779,
      "val_score": 0.9761450059847792,
      "best_iteration": 5657,
      "elapsed_time": "53.00 min.",
      "feature_importance_top10": {
        "V258": 528346.0477270186,
        "TransactionAmt": 246930.7850652933,
        "C13": 230257.26465380192,
        "C1_fq_enc": 227517.60770455003,
        "uid3_TransactionAmt_std": 210627.87832134962,
        "C14": 196394.2564251721,
        "uid3_TransactionAmt_mean": 194277.41549274325,
        "card1": 191472.80213043094,
        "uid3_fq_enc": 185267.994926095,
        "V201": 170583.12443748116
      }
    },
    "Fold5": {
      "trn_score": 0.9999999876600806,
      "val_score": 0.9787955401133084,
      "best_iteration": 5971,
      "elapsed_time": "55.50 min.",
      "feature_importance_top10": {
        "V258": 537094.0749205649,
        "TransactionAmt": 254445.66828647256,
        "C13": 229294.57533186674,
        "C1_fq_enc": 217244.79666796327,
        "uid3_TransactionAmt_std": 213113.92688933015,
        "uid3_TransactionAmt_mean": 198414.1671334207,
        "C14": 193144.88396143913,
        "card1": 188909.6459493935,
        "uid3_fq_enc": 184352.6410062015,
        "addr1": 175711.71780705452
      }
    },
    "Full": {
      "val_score": 0.9770905246725345,
      "val_score_mean": 0.9771341792830313,
      "val_score_std": 0.0012312211947531648
    }
  },
  "features": [
    [
      "KonstantinFeature",
      {}
    ]
  ],
  "cols_to_drop": [
    "TransactionID",
    "TransactionDT",
    "isFraud",
    "uid",
    "uid2",
    "uid3",
    "bank_type",
    "DT",
    "DT_M",
    "DT_W",
    "DT_D",
    "DT_hour",
    "DT_day_week",
    "DT_day",
    "DT_D_total",
    "DT_W_total",
    "DT_M_total",
    "id_30",
    "id_31",
    "id_33"
  ]
}