{
  "folds": "StratifiedKFold(n_splits=5, random_state=42, shuffle=True)",
  "model_params": {
    "objective": "binary",
    "boosting_type": "gbdt",
    "metric": "auc",
    "n_jobs": -1,
    "learning_rate": 0.01,
    "num_leaves": 256,
    "max_depth": -1,
    "tree_learner": "serial",
    "colsample_bytree": 0.5,
    "subsample_freq": 1,
    "subsample": 0.7,
    "max_bin": 255,
    "verbose": -1,
    "seed": 1337,
    "feature_fraction_seed": 1337,
    "bagging_seed": 1337,
    "drop_seed": 1337,
    "data_random_seed": 1337
  },
  "fit_params": {
    "verbose_eval": 100,
    "early_stopping_rounds": 100
  },
  "trials": {
    "Fold1": {
      "trn_score": 0.9999997590910943,
      "val_score": 0.9727173939828423,
      "best_iteration": 4281,
      "elapsed_time": "126.11 min.",
      "feature_importance_top10": {
        "V258": 356454.42291277647,
        "card1": 247237.86689528823,
        "TransactionAmt": 221273.86002784967,
        "card2": 211909.85397450626,
        "addr1": 185735.59880502522,
        "C13": 146382.76235620677,
        "C14": 141197.3167680055,
        "V257": 137703.7333367616,
        "C1": 131613.0501230061,
        "D2": 117546.80602228642
      }
    },
    "Fold2": {
      "trn_score": 0.9999987123880109,
      "val_score": 0.9750070292112724,
      "best_iteration": 3698,
      "elapsed_time": "140.29 min.",
      "feature_importance_top10": {
        "V258": 338823.30762687325,
        "card1": 236668.5791540444,
        "TransactionAmt": 213988.9338451922,
        "card2": 207663.18997088075,
        "addr1": 179115.3694960177,
        "C13": 150727.4149364829,
        "C14": 139871.85885691643,
        "C1": 131061.045519799,
        "D2": 121960.9466097951,
        "D15": 104443.51344776154
      }
    },
    "Fold3": {
      "trn_score": 0.9999999723330231,
      "val_score": 0.9746172745889883,
      "best_iteration": 4853,
      "elapsed_time": "42.59 min.",
      "feature_importance_top10": {
        "V258": 338496.9158245772,
        "card1": 252231.6487795189,
        "TransactionAmt": 229628.07577434182,
        "card2": 219641.35782825947,
        "addr1": 188372.90155617893,
        "C13": 148166.32897017896,
        "C14": 138652.17985241115,
        "C1": 132381.28678527474,
        "D2": 115959.86651329696,
        "dist1": 108305.31580913067
      }
    },
    "Fold4": {
      "trn_score": 0.9999996696749516,
      "val_score": 0.9722469676376017,
      "best_iteration": 4125,
      "elapsed_time": "30.79 min.",
      "feature_importance_top10": {
        "V258": 344638.9888802469,
        "card1": 244655.2048803717,
        "TransactionAmt": 218951.1771300137,
        "card2": 211181.67050860822,
        "addr1": 181886.20478087664,
        "C13": 150298.5516102165,
        "C14": 138997.72242112458,
        "V257": 132774.2435375601,
        "C1": 130814.68384252489,
        "D2": 118287.5027808398
      }
    },
    "Fold5": {
      "trn_score": 0.999999991972418,
      "val_score": 0.9760980556740526,
      "best_iteration": 5406,
      "elapsed_time": "38.58 min.",
      "feature_importance_top10": {
        "V258": 343286.5237415284,
        "card1": 251862.08513686806,
        "TransactionAmt": 228069.27258931845,
        "card2": 220174.0993483439,
        "addr1": 185543.98983722925,
        "C13": 152846.2026571855,
        "C14": 144899.44882762432,
        "C1": 132410.26759682596,
        "D2": 117535.50863751769,
        "dist1": 112645.94073934853
      }
    },
    "Full": {
      "val_score": 0.9736581328396854,
      "val_score_mean": 0.9741373442189515,
      "val_score_std": 0.0014436659480959579
    }
  }
}