{
  "model_params": {
    "objective": "binary",
    "metric": "auc",
    "boosting_type": "gbdt",
    "learning_rate": 0.007,
    "max_depth": -1,
    "is_unbalance": true,
    "boost_from_average": false,
    "verbose": -1,
    "save_binary": true,
    "seed": 1337,
    "feature_fraction_seed": 1337,
    "bagging_seed": 1337,
    "drop_seed": 1337,
    "data_random_seed": 1337,
    "bagging_fraction": 0.27,
    "bagging_freq": 60,
    "colsample_bytree": 0.98,
    "lambda_l1": 93.0,
    "lambda_l2": 50.2,
    "max_bin": 95,
    "min_data_in_leaf": 296,
    "min_gain_to_split": 4.16,
    "min_sum_hessian_in_leaf": 1.5,
    "num_leaves": 1008
  },
  "fit_params": {
    "verbose_eval": false,
    "early_stopping_rounds": 100,
    "num_boost_round": 10000
  },
  "result": {
    "trn_score": 0.8799589457197127,
    "val_score": 0.8692136914897336,
    "best_iteration": 720,
    "elapsed_time": "0.52 min.",
    "feature_importance_top10": {
      "R_emaildomain": 29525.014703780413,
      "C1_fq_enc": 26584.913101673126,
      "V308": 14556.962990880013,
      "C14": 14322.60540509224,
      "C5": 14075.360536575317,
      "V91": 11401.492320656776,
      "V70": 10040.59898352623,
      "V294": 8992.17195045948,
      "V317": 8260.487534865737,
      "V258": 8180.836803674698
    }
  },
  "trials": {
    "Full": {
      "val_score": 0.8692136914897336
    }
  }
}