{
  "model_params": {
    "objective": "binary",
    "metric": "auc",
    "boosting_type": "gbdt",
    "learning_rate": 0.007,
    "max_depth": -1,
    "is_unbalance": true,
    "boost_from_average": false,
    "verbose": -1,
    "save_binary": true,
    "seed": 1337,
    "feature_fraction_seed": 1337,
    "bagging_seed": 1337,
    "drop_seed": 1337,
    "data_random_seed": 1337,
    "bagging_fraction": 0.51,
    "bagging_freq": 21,
    "colsample_bytree": 0.67,
    "lambda_l1": 51.2,
    "lambda_l2": 9.200000000000001,
    "max_bin": 155,
    "min_data_in_leaf": 108,
    "min_gain_to_split": 2.92,
    "min_sum_hessian_in_leaf": 9.600000000000001,
    "num_leaves": 736
  },
  "fit_params": {
    "verbose_eval": false,
    "early_stopping_rounds": 100,
    "num_boost_round": 10000
  },
  "result": {
    "trn_score": 0.9149257099455147,
    "val_score": 0.8900790886923874,
    "best_iteration": 1313,
    "elapsed_time": "0.89 min.",
    "feature_importance_top10": {
      "R_emaildomain": 64649.638748049736,
      "V258": 63924.03801737726,
      "V294": 34864.25713142753,
      "C14": 34767.15740965307,
      "C1_fq_enc": 33669.655993282795,
      "V308": 25647.23914653063,
      "V70": 22430.330671072006,
      "V317": 15432.454316794872,
      "D2_scaled": 14733.935293931514,
      "C1": 14688.396962225437
    }
  },
  "trials": {
    "Full": {
      "val_score": 0.8900790886923874
    }
  }
}