{
  "model_params": {
    "objective": "binary",
    "metric": "auc",
    "boosting_type": "gbdt",
    "learning_rate": 0.007,
    "max_depth": -1,
    "is_unbalance": true,
    "boost_from_average": false,
    "verbose": -1,
    "save_binary": true,
    "seed": 1337,
    "feature_fraction_seed": 1337,
    "bagging_seed": 1337,
    "drop_seed": 1337,
    "data_random_seed": 1337,
    "bagging_fraction": 0.87,
    "bagging_freq": 20,
    "colsample_bytree": 0.15,
    "lambda_l1": 17.2,
    "lambda_l2": 40.7,
    "max_bin": 115,
    "min_data_in_leaf": 103,
    "min_gain_to_split": 2.97,
    "min_sum_hessian_in_leaf": 5.9,
    "num_leaves": 288
  },
  "fit_params": {
    "verbose_eval": false,
    "early_stopping_rounds": 100,
    "num_boost_round": 10000
  },
  "result": {
    "trn_score": 0.9437525207416353,
    "val_score": 0.909046856487753,
    "best_iteration": 3922,
    "elapsed_time": "1.41 min.",
    "feature_importance_top10": {
      "V258": 57143.679311249405,
      "V70": 45113.21731466055,
      "R_emaildomain": 40110.90371573344,
      "C14": 34028.872950885445,
      "V91": 32966.29091179371,
      "V257": 30995.273315429688,
      "C1_fq_enc": 29144.669532503933,
      "C4_fq_enc": 23955.888930112123,
      "V201": 23015.065548893064,
      "V317": 22699.239842146635
    }
  },
  "trials": {
    "Full": {
      "val_score": 0.909046856487753
    }
  }
}