{
  "model_params": {
    "objective": "binary",
    "metric": "auc",
    "boosting_type": "gbdt",
    "learning_rate": 0.007,
    "max_depth": -1,
    "is_unbalance": true,
    "boost_from_average": false,
    "verbose": -1,
    "save_binary": true,
    "seed": 1337,
    "feature_fraction_seed": 1337,
    "bagging_seed": 1337,
    "drop_seed": 1337,
    "data_random_seed": 1337,
    "bagging_fraction": 0.05,
    "bagging_freq": 56,
    "colsample_bytree": 0.5700000000000001,
    "lambda_l1": 66.0,
    "lambda_l2": 25.6,
    "max_bin": 275,
    "min_data_in_leaf": 67,
    "min_gain_to_split": 2.89,
    "min_sum_hessian_in_leaf": 2.1,
    "num_leaves": 96
  },
  "fit_params": {
    "verbose_eval": false,
    "early_stopping_rounds": 100,
    "num_boost_round": 10000
  },
  "result": {
    "trn_score": 0.8172386612438892,
    "val_score": 0.8244428787233907,
    "best_iteration": 182,
    "elapsed_time": "0.40 min.",
    "feature_importance_top10": {
      "V317": 910.3363065719604,
      "V34": 887.3874950408936,
      "V308": 850.983491897583,
      "uid5_D15_mean": 748.2503051757812,
      "C1_fq_enc": 720.2214703559875,
      "D2_scaled": 507.2530417442322,
      "C5": 495.4167284965515,
      "C5_fq_enc": 382.4598503112793,
      "product_type_DT_W": 345.6470858156681,
      "uid5_D10_mean": 322.8530979156494
    }
  },
  "trials": {
    "Full": {
      "val_score": 0.8244428787233907
    }
  }
}