{
  "model_params": {
    "objective": "binary",
    "metric": "auc",
    "boosting_type": "gbdt",
    "learning_rate": 0.007,
    "max_depth": -1,
    "is_unbalance": true,
    "boost_from_average": false,
    "verbose": -1,
    "save_binary": true,
    "seed": 1337,
    "feature_fraction_seed": 1337,
    "bagging_seed": 1337,
    "drop_seed": 1337,
    "data_random_seed": 1337,
    "bagging_fraction": 0.9500000000000001,
    "bagging_freq": 17,
    "colsample_bytree": 0.8,
    "lambda_l1": 65.3,
    "lambda_l2": 83.4,
    "max_bin": 270,
    "min_data_in_leaf": 168,
    "min_gain_to_split": 0.9,
    "min_sum_hessian_in_leaf": 18.2,
    "num_leaves": 608
  },
  "fit_params": {
    "verbose_eval": false,
    "early_stopping_rounds": 100,
    "num_boost_round": 10000
  },
  "result": {
    "trn_score": 0.9346969129372235,
    "val_score": 0.9026628611383252,
    "best_iteration": 1721,
    "elapsed_time": "1.60 min.",
    "feature_importance_top10": {
      "V258": 155811.30339497328,
      "R_emaildomain": 154124.60907445103,
      "V294": 88409.93333387375,
      "C14": 80520.82242860645,
      "C1_fq_enc": 73277.8447207734,
      "V308": 64725.47650170326,
      "V70": 45032.36847394705,
      "D2_scaled": 40966.911813393235,
      "C4": 34181.14192867279,
      "V91": 21859.96729695797
    }
  },
  "trials": {
    "Full": {
      "val_score": 0.9026628611383252
    }
  }
}