{
  "model_params": {
    "objective": "binary",
    "metric": "auc",
    "boosting_type": "gbdt",
    "learning_rate": 0.007,
    "max_depth": -1,
    "is_unbalance": true,
    "boost_from_average": false,
    "verbose": -1,
    "save_binary": true,
    "seed": 1337,
    "feature_fraction_seed": 1337,
    "bagging_seed": 1337,
    "drop_seed": 1337,
    "data_random_seed": 1337,
    "bagging_fraction": 0.18,
    "bagging_freq": 27,
    "colsample_bytree": 0.71,
    "lambda_l1": 76.0,
    "lambda_l2": 93.2,
    "max_bin": 500,
    "min_data_in_leaf": 124,
    "min_gain_to_split": 4.65,
    "min_sum_hessian_in_leaf": 18.8,
    "num_leaves": 912
  },
  "fit_params": {
    "verbose_eval": false,
    "early_stopping_rounds": 100,
    "num_boost_round": 10000
  },
  "result": {
    "trn_score": 0.8755924381100323,
    "val_score": 0.8657299919443998,
    "best_iteration": 790,
    "elapsed_time": "0.51 min.",
    "feature_importance_top10": {
      "C5": 12368.482437133789,
      "R_emaildomain": 12006.903807640076,
      "C1_fq_enc": 10146.480763107538,
      "V308": 9575.968228042126,
      "C14": 6319.268369793892,
      "V317": 5238.950135469437,
      "C5_fq_enc": 5224.736416816711,
      "V294": 4535.917289495468,
      "C11_fq_enc": 4347.507797241211,
      "D2_scaled": 4273.626068919897
    }
  },
  "trials": {
    "Full": {
      "val_score": 0.8657299919443998
    }
  }
}