{
  "model_params": {
    "objective": "binary",
    "metric": "auc",
    "boosting_type": "gbdt",
    "learning_rate": 0.007,
    "max_depth": -1,
    "is_unbalance": true,
    "boost_from_average": false,
    "verbose": -1,
    "save_binary": true,
    "seed": 1337,
    "feature_fraction_seed": 1337,
    "bagging_seed": 1337,
    "drop_seed": 1337,
    "data_random_seed": 1337,
    "bagging_fraction": 0.6,
    "bagging_freq": 72,
    "colsample_bytree": 0.21,
    "lambda_l1": 7.800000000000001,
    "lambda_l2": 76.10000000000001,
    "max_bin": 440,
    "min_data_in_leaf": 17,
    "min_gain_to_split": 0.81,
    "min_sum_hessian_in_leaf": 7.1000000000000005,
    "num_leaves": 944
  },
  "fit_params": {
    "verbose_eval": false,
    "early_stopping_rounds": 100,
    "num_boost_round": 10000
  },
  "result": {
    "trn_score": 0.9766404107167174,
    "val_score": 0.9221110058903652,
    "best_iteration": 4159,
    "elapsed_time": "2.68 min.",
    "feature_importance_top10": {
      "R_emaildomain": 55219.45151643967,
      "V258": 49126.58581339568,
      "V70": 34644.450375169516,
      "C1_fq_enc": 31920.979947961867,
      "C14": 24490.58486202173,
      "C1": 20256.029461022466,
      "C13": 19522.97668420826,
      "V91": 17819.02105128765,
      "V317": 17511.044970467687,
      "V294": 16436.117330759764
    }
  },
  "trials": {
    "Full": {
      "val_score": 0.9221110058903652
    }
  }
}