{
  "model_params": {
    "objective": "binary",
    "metric": "auc",
    "boosting_type": "gbdt",
    "learning_rate": 0.007,
    "max_depth": -1,
    "is_unbalance": true,
    "boost_from_average": false,
    "verbose": -1,
    "save_binary": true,
    "seed": 1337,
    "feature_fraction_seed": 1337,
    "bagging_seed": 1337,
    "drop_seed": 1337,
    "data_random_seed": 1337,
    "bagging_fraction": 0.5,
    "bagging_freq": 65,
    "colsample_bytree": 0.87,
    "lambda_l1": 55.800000000000004,
    "lambda_l2": 33.0,
    "max_bin": 380,
    "min_data_in_leaf": 91,
    "min_gain_to_split": 4.32,
    "min_sum_hessian_in_leaf": 15.600000000000001,
    "num_leaves": 288
  },
  "fit_params": {
    "verbose_eval": false,
    "early_stopping_rounds": 100,
    "num_boost_round": 10000
  },
  "result": {
    "trn_score": 0.9099275250889298,
    "val_score": 0.8880646820621514,
    "best_iteration": 1057,
    "elapsed_time": "0.87 min.",
    "feature_importance_top10": {
      "R_emaildomain": 62510.8328923434,
      "V258": 55594.48286271095,
      "C1_fq_enc": 54083.421449005604,
      "V70": 48577.01315200329,
      "V308": 34550.56939648092,
      "C14": 33156.564654290676,
      "V294": 28729.26588189602,
      "D2_scaled": 13452.530578054488,
      "C5": 12206.403062582016,
      "C4": 11361.790080547333
    }
  },
  "trials": {
    "Full": {
      "val_score": 0.8880646820621514
    }
  }
}