{
  "model_params": {
    "objective": "binary",
    "metric": "auc",
    "boosting_type": "gbdt",
    "learning_rate": 0.007,
    "max_depth": -1,
    "is_unbalance": true,
    "boost_from_average": false,
    "verbose": -1,
    "save_binary": true,
    "seed": 1337,
    "feature_fraction_seed": 1337,
    "bagging_seed": 1337,
    "drop_seed": 1337,
    "data_random_seed": 1337,
    "bagging_fraction": 0.67,
    "bagging_freq": 31,
    "colsample_bytree": 0.63,
    "lambda_l1": 85.0,
    "lambda_l2": 40.1,
    "max_bin": 430,
    "min_data_in_leaf": 214,
    "min_gain_to_split": 3.5100000000000002,
    "min_sum_hessian_in_leaf": 13.100000000000001,
    "num_leaves": 272
  },
  "fit_params": {
    "verbose_eval": false,
    "early_stopping_rounds": 100,
    "num_boost_round": 10000
  },
  "result": {
    "trn_score": 0.9082792077723837,
    "val_score": 0.8870183189586776,
    "best_iteration": 1196,
    "elapsed_time": "1.18 min.",
    "feature_importance_top10": {
      "V258": 71436.352247715,
      "R_emaildomain": 70079.3477602452,
      "C1_fq_enc": 60016.313007861376,
      "V70": 57292.57093882561,
      "V294": 45064.625843048096,
      "C14": 36208.069556206465,
      "V308": 28455.51417447254,
      "D2_scaled": 21243.817077331245,
      "V91": 20748.849148988724,
      "C5": 18747.697465121746
    }
  },
  "trials": {
    "Full": {
      "val_score": 0.8870183189586776
    }
  }
}