{
  "model_params": {
    "objective": "binary",
    "metric": "auc",
    "boosting_type": "gbdt",
    "learning_rate": 0.007,
    "max_depth": -1,
    "is_unbalance": true,
    "boost_from_average": false,
    "verbose": -1,
    "save_binary": true,
    "seed": 1337,
    "feature_fraction_seed": 1337,
    "bagging_seed": 1337,
    "drop_seed": 1337,
    "data_random_seed": 1337,
    "bagging_fraction": 0.32,
    "bagging_freq": 21,
    "colsample_bytree": 0.99,
    "lambda_l1": 82.9,
    "lambda_l2": 75.0,
    "max_bin": 160,
    "min_data_in_leaf": 24,
    "min_gain_to_split": 4.0,
    "min_sum_hessian_in_leaf": 14.8,
    "num_leaves": 352
  },
  "fit_params": {
    "verbose_eval": false,
    "early_stopping_rounds": 100,
    "num_boost_round": 10000
  },
  "result": {
    "trn_score": 0.8921653301870089,
    "val_score": 0.8758212436752453,
    "best_iteration": 859,
    "elapsed_time": "0.64 min.",
    "feature_importance_top10": {
      "R_emaildomain": 37352.82216978073,
      "C1_fq_enc": 32359.086372852325,
      "C5": 25807.352208137512,
      "C14": 18714.286554573104,
      "V294": 18369.911251470447,
      "V70": 17405.019959449768,
      "V308": 13635.908504009247,
      "V258": 12217.421969890594,
      "D2_scaled": 9421.640971004963,
      "C11_fq_enc": 9203.08690392971
    }
  },
  "trials": {
    "Full": {
      "val_score": 0.8758212436752453
    }
  }
}