{
  "model_params": {
    "objective": "binary",
    "metric": "auc",
    "boosting_type": "gbdt",
    "learning_rate": 0.007,
    "max_depth": -1,
    "is_unbalance": true,
    "boost_from_average": false,
    "verbose": -1,
    "save_binary": true,
    "seed": 1337,
    "feature_fraction_seed": 1337,
    "bagging_seed": 1337,
    "drop_seed": 1337,
    "data_random_seed": 1337,
    "bagging_fraction": 0.39,
    "bagging_freq": 19,
    "colsample_bytree": 0.03,
    "lambda_l1": 8.0,
    "lambda_l2": 66.3,
    "max_bin": 445,
    "min_data_in_leaf": 115,
    "min_gain_to_split": 0.8300000000000001,
    "min_sum_hessian_in_leaf": 19.0,
    "num_leaves": 80
  },
  "fit_params": {
    "verbose_eval": false,
    "early_stopping_rounds": 100,
    "num_boost_round": 10000
  },
  "result": {
    "trn_score": 0.9559514255211706,
    "val_score": 0.9113436881453766,
    "best_iteration": 9729,
    "elapsed_time": "3.02 min.",
    "feature_importance_top10": {
      "V69": 9936.95638615638,
      "C14_fq_enc": 8194.950632869732,
      "C13": 8098.92579379119,
      "R_emaildomain": 8015.881849101861,
      "C14": 7267.36291676946,
      "C8": 6912.356994435191,
      "V264": 6887.552493207157,
      "V30": 6835.900212794542,
      "C1": 6374.26765101403,
      "C13_fq_enc": 6265.728689347394
    }
  },
  "trials": {
    "Full": {
      "val_score": 0.9113436881453766
    }
  }
}