{
  "model_params": {
    "objective": "binary",
    "metric": "auc",
    "boosting_type": "gbdt",
    "learning_rate": 0.007,
    "max_depth": -1,
    "is_unbalance": true,
    "boost_from_average": false,
    "verbose": -1,
    "save_binary": true,
    "seed": 1337,
    "feature_fraction_seed": 1337,
    "bagging_seed": 1337,
    "drop_seed": 1337,
    "data_random_seed": 1337,
    "bagging_fraction": 0.96,
    "bagging_freq": 36,
    "colsample_bytree": 0.07,
    "lambda_l1": 78.2,
    "lambda_l2": 0.5,
    "max_bin": 215,
    "min_data_in_leaf": 24,
    "min_gain_to_split": 4.19,
    "min_sum_hessian_in_leaf": 19.200000000000003,
    "num_leaves": 784
  },
  "fit_params": {
    "verbose_eval": false,
    "early_stopping_rounds": 100,
    "num_boost_round": 10000
  },
  "result": {
    "trn_score": 0.9110548944107237,
    "val_score": 0.8884392944387275,
    "best_iteration": 3786,
    "elapsed_time": "1.07 min.",
    "feature_importance_top10": {
      "V70": 28933.85335224867,
      "V69": 26301.401196599007,
      "C14": 25444.7223035153,
      "C4": 23741.8633518219,
      "R_emaildomain": 22431.68328948319,
      "V30": 21033.071855068207,
      "V257": 19258.908000528812,
      "V258": 19190.63311433792,
      "V90": 17098.00499278307,
      "C5_fq_enc": 15447.73764616251
    }
  },
  "trials": {
    "Full": {
      "val_score": 0.8884392944387275
    }
  }
}