{
  "model_params": {
    "objective": "binary",
    "metric": "auc",
    "boosting_type": "gbdt",
    "learning_rate": 0.007,
    "max_depth": -1,
    "is_unbalance": true,
    "boost_from_average": false,
    "verbose": -1,
    "save_binary": true,
    "seed": 1337,
    "feature_fraction_seed": 1337,
    "bagging_seed": 1337,
    "drop_seed": 1337,
    "data_random_seed": 1337,
    "bagging_fraction": 0.75,
    "bagging_freq": 94,
    "colsample_bytree": 0.42,
    "lambda_l1": 29.700000000000003,
    "lambda_l2": 60.2,
    "max_bin": 30,
    "min_data_in_leaf": 244,
    "min_gain_to_split": 0.08,
    "min_sum_hessian_in_leaf": 11.700000000000001,
    "num_leaves": 624
  },
  "fit_params": {
    "verbose_eval": false,
    "early_stopping_rounds": 100,
    "num_boost_round": 10000
  },
  "result": {
    "trn_score": 0.961713463951985,
    "val_score": 0.9159037343113886,
    "best_iteration": 4354,
    "elapsed_time": "2.85 min.",
    "feature_importance_top10": {
      "R_emaildomain": 101717.33232513303,
      "V258": 99859.59095274098,
      "C1_fq_enc": 44221.08618282131,
      "C14": 44024.90047205612,
      "V308": 39985.668133895844,
      "V70": 38151.483247023076,
      "V294": 37121.199588261545,
      "V317": 32593.186248466372,
      "C13": 31948.54562544264,
      "C14_fq_enc": 22408.43571951799
    }
  },
  "trials": {
    "Full": {
      "val_score": 0.9159037343113886
    }
  }
}