{
  "model_params": {
    "objective": "binary",
    "metric": "auc",
    "boosting_type": "gbdt",
    "learning_rate": 0.007,
    "max_depth": -1,
    "is_unbalance": true,
    "boost_from_average": false,
    "verbose": -1,
    "save_binary": true,
    "seed": 1337,
    "feature_fraction_seed": 1337,
    "bagging_seed": 1337,
    "drop_seed": 1337,
    "data_random_seed": 1337,
    "bagging_fraction": 0.88,
    "bagging_freq": 84,
    "colsample_bytree": 0.36,
    "lambda_l1": 34.4,
    "lambda_l2": 77.0,
    "max_bin": 330,
    "min_data_in_leaf": 158,
    "min_gain_to_split": 0.44,
    "min_sum_hessian_in_leaf": 8.4,
    "num_leaves": 976
  },
  "fit_params": {
    "verbose_eval": false,
    "early_stopping_rounds": 100,
    "num_boost_round": 10000
  },
  "result": {
    "trn_score": 0.9579507312853545,
    "val_score": 0.9151539135755353,
    "best_iteration": 4234,
    "elapsed_time": "3.22 min.",
    "feature_importance_top10": {
      "R_emaildomain": 100063.47790744528,
      "V258": 95930.67211889382,
      "V70": 65307.11430661008,
      "C1_fq_enc": 52833.47212379379,
      "C14": 42450.79572747275,
      "V294": 41879.98878521938,
      "C13": 39270.62784263259,
      "V317": 31808.211761713028,
      "C1": 28649.805550135672,
      "C14_fq_enc": 27727.655979573727
    }
  },
  "trials": {
    "Full": {
      "val_score": 0.9151539135755353
    }
  }
}