{
  "model_params": {
    "objective": "binary",
    "metric": "auc",
    "boosting_type": "gbdt",
    "learning_rate": 0.007,
    "max_depth": -1,
    "is_unbalance": true,
    "boost_from_average": false,
    "verbose": -1,
    "save_binary": true,
    "seed": 1337,
    "feature_fraction_seed": 1337,
    "bagging_seed": 1337,
    "drop_seed": 1337,
    "data_random_seed": 1337,
    "bagging_fraction": 0.85,
    "bagging_freq": 76,
    "colsample_bytree": 0.11,
    "lambda_l1": 21.6,
    "lambda_l2": 69.2,
    "max_bin": 465,
    "min_data_in_leaf": 250,
    "min_gain_to_split": 1.9100000000000001,
    "min_sum_hessian_in_leaf": 11.600000000000001,
    "num_leaves": 1024
  },
  "fit_params": {
    "verbose_eval": false,
    "early_stopping_rounds": 100,
    "num_boost_round": 10000
  },
  "result": {
    "trn_score": 0.9422863168559844,
    "val_score": 0.9083425427560224,
    "best_iteration": 3860,
    "elapsed_time": "1.61 min.",
    "feature_importance_top10": {
      "V258": 41378.866350889206,
      "C14": 34895.468922019005,
      "V70": 34594.28056821227,
      "R_emaildomain": 31439.381589126075,
      "C1_fq_enc": 28413.98456981778,
      "V91": 27343.580240011215,
      "V69": 27303.86092066765,
      "C13": 25329.200409019366,
      "C5": 21881.541521787643,
      "C4": 21045.870228230953
    }
  },
  "trials": {
    "Full": {
      "val_score": 0.9083425427560224
    }
  }
}