{
  "model_params": {
    "objective": "binary",
    "metric": "auc",
    "boosting_type": "gbdt",
    "learning_rate": 0.007,
    "max_depth": -1,
    "is_unbalance": true,
    "boost_from_average": false,
    "verbose": -1,
    "save_binary": true,
    "seed": 1337,
    "feature_fraction_seed": 1337,
    "bagging_seed": 1337,
    "drop_seed": 1337,
    "data_random_seed": 1337,
    "bagging_fraction": 0.71,
    "bagging_freq": 60,
    "colsample_bytree": 0.02,
    "lambda_l1": 23.200000000000003,
    "lambda_l2": 58.5,
    "max_bin": 300,
    "min_data_in_leaf": 85,
    "min_gain_to_split": 2.13,
    "min_sum_hessian_in_leaf": 10.700000000000001,
    "num_leaves": 960
  },
  "fit_params": {
    "verbose_eval": false,
    "early_stopping_rounds": 100,
    "num_boost_round": 10000
  },
  "result": {
    "trn_score": 0.9270639784371204,
    "val_score": 0.8984607808070685,
    "best_iteration": 9997,
    "elapsed_time": "2.00 min.",
    "feature_importance_top10": {
      "V69": 13236.46964931488,
      "C13": 12868.182155398652,
      "C14_fq_enc": 11614.13168899715,
      "C8": 11034.221369128674,
      "C4_fq_enc": 10987.26919388771,
      "R_emaildomain": 10625.593227971345,
      "C14": 10474.780906572938,
      "C1": 9721.602368555963,
      "C13_fq_enc": 9498.417058009654,
      "V218": 9357.017184711993
    }
  },
  "trials": {
    "Full": {
      "val_score": 0.8984607808070685
    }
  }
}