{
  "model_params": {
    "objective": "binary",
    "metric": "auc",
    "boosting_type": "gbdt",
    "learning_rate": 0.007,
    "max_depth": -1,
    "is_unbalance": true,
    "boost_from_average": false,
    "verbose": -1,
    "save_binary": true,
    "seed": 1337,
    "feature_fraction_seed": 1337,
    "bagging_seed": 1337,
    "drop_seed": 1337,
    "data_random_seed": 1337,
    "bagging_fraction": 0.8300000000000001,
    "bagging_freq": 77,
    "colsample_bytree": 0.27,
    "lambda_l1": 24.900000000000002,
    "lambda_l2": 43.300000000000004,
    "max_bin": 50,
    "min_data_in_leaf": 139,
    "min_gain_to_split": 1.1300000000000001,
    "min_sum_hessian_in_leaf": 9.1,
    "num_leaves": 704
  },
  "fit_params": {
    "verbose_eval": false,
    "early_stopping_rounds": 100,
    "num_boost_round": 10000
  },
  "result": {
    "trn_score": 0.950613266369709,
    "val_score": 0.9117116217908082,
    "best_iteration": 3581,
    "elapsed_time": "1.47 min.",
    "feature_importance_top10": {
      "V258": 91438.8325426057,
      "R_emaildomain": 67610.40493795602,
      "C14": 48722.3842110084,
      "V70": 48274.60280844569,
      "C1_fq_enc": 44317.48474729524,
      "V317": 30324.27490592748,
      "V294": 30104.006630659103,
      "V257": 26342.791068820283,
      "C13": 23813.754361537925,
      "V91": 23111.810840129852
    }
  },
  "trials": {
    "Full": {
      "val_score": 0.9117116217908082
    }
  }
}