{
  "model_params": {
    "objective": "binary",
    "metric": "auc",
    "boosting_type": "gbdt",
    "learning_rate": 0.007,
    "max_depth": -1,
    "is_unbalance": true,
    "boost_from_average": false,
    "verbose": -1,
    "save_binary": true,
    "seed": 1337,
    "feature_fraction_seed": 1337,
    "bagging_seed": 1337,
    "drop_seed": 1337,
    "data_random_seed": 1337,
    "bagging_fraction": 0.75,
    "bagging_freq": 81,
    "colsample_bytree": 0.42,
    "lambda_l1": 47.7,
    "lambda_l2": 4.9,
    "max_bin": 350,
    "min_data_in_leaf": 37,
    "min_gain_to_split": 2.15,
    "min_sum_hessian_in_leaf": 1.0,
    "num_leaves": 336
  },
  "fit_params": {
    "verbose_eval": false,
    "early_stopping_rounds": 100,
    "num_boost_round": 10000
  },
  "result": {
    "trn_score": 0.9328832014918358,
    "val_score": 0.902377485996567,
    "best_iteration": 1443,
    "elapsed_time": "1.00 min.",
    "feature_importance_top10": {
      "V258": 102733.43864026666,
      "R_emaildomain": 76639.55327233672,
      "C14": 42522.25166863203,
      "V70": 39090.804312586784,
      "V308": 32484.429855406284,
      "C1_fq_enc": 29935.628783345222,
      "V294": 29712.67207401991,
      "C13": 23773.846688188612,
      "V69": 23107.248930692673,
      "V317": 22931.995862305164
    }
  },
  "trials": {
    "Full": {
      "val_score": 0.902377485996567
    }
  }
}