{
  "model_params": {
    "objective": "binary",
    "metric": "auc",
    "boosting_type": "gbdt",
    "learning_rate": 0.007,
    "max_depth": -1,
    "is_unbalance": true,
    "boost_from_average": false,
    "verbose": -1,
    "save_binary": true,
    "seed": 1337,
    "feature_fraction_seed": 1337,
    "bagging_seed": 1337,
    "drop_seed": 1337,
    "data_random_seed": 1337,
    "bagging_fraction": 0.91,
    "bagging_freq": 65,
    "colsample_bytree": 0.54,
    "lambda_l1": 29.8,
    "lambda_l2": 19.900000000000002,
    "max_bin": 240,
    "min_data_in_leaf": 75,
    "min_gain_to_split": 1.6300000000000001,
    "min_sum_hessian_in_leaf": 2.4000000000000004,
    "num_leaves": 496
  },
  "fit_params": {
    "verbose_eval": false,
    "early_stopping_rounds": 100,
    "num_boost_round": 10000
  },
  "result": {
    "trn_score": 0.9522246284761808,
    "val_score": 0.912110084650105,
    "best_iteration": 1943,
    "elapsed_time": "1.47 min.",
    "feature_importance_top10": {
      "V258": 151171.62559485435,
      "R_emaildomain": 117146.84540839493,
      "V294": 69377.36161535978,
      "C14": 68917.41650474072,
      "C1_fq_enc": 48404.40463430062,
      "V70": 48314.54635864496,
      "V308": 39498.94280156493,
      "D2_scaled": 32276.981881255284,
      "V317": 31626.61912882328,
      "C13": 28824.89605408348
    }
  },
  "trials": {
    "Full": {
      "val_score": 0.912110084650105
    }
  }
}