{
  "model_params": {
    "objective": "binary",
    "metric": "auc",
    "boosting_type": "gbdt",
    "learning_rate": 0.007,
    "max_depth": -1,
    "is_unbalance": true,
    "boost_from_average": false,
    "verbose": -1,
    "save_binary": true,
    "seed": 1337,
    "feature_fraction_seed": 1337,
    "bagging_seed": 1337,
    "drop_seed": 1337,
    "data_random_seed": 1337,
    "bagging_fraction": 0.87,
    "bagging_freq": 80,
    "colsample_bytree": 0.47000000000000003,
    "lambda_l1": 15.4,
    "lambda_l2": 5.1000000000000005,
    "max_bin": 185,
    "min_data_in_leaf": 47,
    "min_gain_to_split": 4.96,
    "min_sum_hessian_in_leaf": 5.300000000000001,
    "num_leaves": 400
  },
  "fit_params": {
    "verbose_eval": false,
    "early_stopping_rounds": 100,
    "num_boost_round": 10000
  },
  "result": {
    "trn_score": 0.9453623632067474,
    "val_score": 0.9081109923019597,
    "best_iteration": 1360,
    "elapsed_time": "1.08 min.",
    "feature_importance_top10": {
      "V258": 139380.2889841199,
      "R_emaildomain": 96024.67256228998,
      "C14": 53518.179026327096,
      "V70": 50864.711421728134,
      "V294": 43580.89600992203,
      "V317": 34735.32537962496,
      "C1_fq_enc": 34681.74090011418,
      "V308": 33587.867326140404,
      "C13": 29634.031526308507,
      "V257": 24826.260131835938
    }
  },
  "trials": {
    "Full": {
      "val_score": 0.9081109923019597
    }
  }
}