{
  "model_params": {
    "objective": "binary",
    "metric": "auc",
    "boosting_type": "gbdt",
    "learning_rate": 0.007,
    "max_depth": -1,
    "is_unbalance": true,
    "boost_from_average": false,
    "verbose": -1,
    "save_binary": true,
    "seed": 1337,
    "feature_fraction_seed": 1337,
    "bagging_seed": 1337,
    "drop_seed": 1337,
    "data_random_seed": 1337,
    "bagging_fraction": 0.1,
    "bagging_freq": 89,
    "colsample_bytree": 0.13,
    "lambda_l1": 0.1,
    "lambda_l2": 9.200000000000001,
    "max_bin": 380,
    "min_data_in_leaf": 105,
    "min_gain_to_split": 0.72,
    "min_sum_hessian_in_leaf": 3.9000000000000004,
    "num_leaves": 576
  },
  "fit_params": {
    "verbose_eval": false,
    "early_stopping_rounds": 100,
    "num_boost_round": 10000
  },
  "result": {
    "trn_score": 0.9561734003138859,
    "val_score": 0.9083341393999366,
    "best_iteration": 3919,
    "elapsed_time": "2.00 min.",
    "feature_importance_top10": {
      "C14": 4245.036789596081,
      "C4_fq_enc": 4097.06618347764,
      "V258": 3995.338558256626,
      "C4": 3980.6274700164795,
      "C13": 3962.9173018801957,
      "C8": 3730.1628286242485,
      "C14_fq_enc": 3469.1499576717615,
      "C1_fq_enc": 3422.587742956355,
      "C1": 3080.2692008540034,
      "uid4_D11_mean": 2899.2571012917906
    }
  },
  "trials": {
    "Full": {
      "val_score": 0.9083341393999366
    }
  }
}