{
  "model_params": {
    "objective": "binary",
    "metric": "auc",
    "boosting_type": "gbdt",
    "learning_rate": 0.007,
    "max_depth": -1,
    "is_unbalance": true,
    "boost_from_average": false,
    "verbose": -1,
    "save_binary": true,
    "seed": 1337,
    "feature_fraction_seed": 1337,
    "bagging_seed": 1337,
    "drop_seed": 1337,
    "data_random_seed": 1337,
    "bagging_fraction": 0.9400000000000001,
    "bagging_freq": 100,
    "colsample_bytree": 0.9400000000000001,
    "lambda_l1": 70.7,
    "lambda_l2": 26.700000000000003,
    "max_bin": 330,
    "min_data_in_leaf": 130,
    "min_gain_to_split": 3.2,
    "min_sum_hessian_in_leaf": 2.5,
    "num_leaves": 176
  },
  "fit_params": {
    "verbose_eval": false,
    "early_stopping_rounds": 100,
    "num_boost_round": 10000
  },
  "result": {
    "trn_score": 0.9248989895524689,
    "val_score": 0.8966195257759687,
    "best_iteration": 1080,
    "elapsed_time": "1.47 min.",
    "feature_importance_top10": {
      "V258": 159576.6513067484,
      "R_emaildomain": 146761.95257863402,
      "V294": 86993.80915045738,
      "C14": 83953.958874017,
      "V308": 68267.85665780306,
      "C1_fq_enc": 62658.887143075466,
      "V70": 51123.516102313995,
      "C4": 37839.57732152939,
      "D2_scaled": 34954.39069757052,
      "V91": 26313.706000447273
    }
  },
  "trials": {
    "Full": {
      "val_score": 0.8966195257759687
    }
  }
}