{
  "model_params": {
    "objective": "binary",
    "metric": "auc",
    "boosting_type": "gbdt",
    "learning_rate": 0.007,
    "max_depth": -1,
    "is_unbalance": true,
    "boost_from_average": false,
    "verbose": -1,
    "save_binary": true,
    "seed": 1337,
    "feature_fraction_seed": 1337,
    "bagging_seed": 1337,
    "drop_seed": 1337,
    "data_random_seed": 1337,
    "bagging_fraction": 0.72,
    "bagging_freq": 66,
    "colsample_bytree": 0.74,
    "lambda_l1": 9.3,
    "lambda_l2": 22.5,
    "max_bin": 240,
    "min_data_in_leaf": 77,
    "min_gain_to_split": 2.29,
    "min_sum_hessian_in_leaf": 6.5,
    "num_leaves": 480
  },
  "fit_params": {
    "verbose_eval": false,
    "early_stopping_rounds": 100,
    "num_boost_round": 10000
  },
  "result": {
    "trn_score": 0.9665896748597752,
    "val_score": 0.9178464740218143,
    "best_iteration": 2820,
    "elapsed_time": "2.79 min.",
    "feature_importance_top10": {
      "V258": 134533.44320178032,
      "R_emaildomain": 100421.35918297619,
      "V294": 76791.35493057966,
      "C14": 62546.59175636829,
      "C1_fq_enc": 48476.33183353918,
      "V70": 44465.61574959755,
      "V308": 29423.1462392807,
      "C13": 24176.742433486506,
      "D2_scaled": 23787.535430774093,
      "V317": 20675.119559148327
    }
  },
  "trials": {
    "Full": {
      "val_score": 0.9178464740218143
    }
  }
}