{
  "model_params": {
    "objective": "binary",
    "metric": "auc",
    "boosting_type": "gbdt",
    "learning_rate": 0.007,
    "max_depth": -1,
    "is_unbalance": true,
    "boost_from_average": false,
    "verbose": -1,
    "save_binary": true,
    "seed": 1337,
    "feature_fraction_seed": 1337,
    "bagging_seed": 1337,
    "drop_seed": 1337,
    "data_random_seed": 1337,
    "bagging_fraction": 0.66,
    "bagging_freq": 56,
    "colsample_bytree": 0.63,
    "lambda_l1": 49.6,
    "lambda_l2": 16.6,
    "max_bin": 460,
    "min_data_in_leaf": 12,
    "min_gain_to_split": 0.23,
    "min_sum_hessian_in_leaf": 3.3000000000000003,
    "num_leaves": 128
  },
  "fit_params": {
    "verbose_eval": false,
    "early_stopping_rounds": 100,
    "num_boost_round": 10000
  },
  "result": {
    "trn_score": 0.9540155810192391,
    "val_score": 0.9114842879143559,
    "best_iteration": 2263,
    "elapsed_time": "2.99 min.",
    "feature_importance_top10": {
      "V258": 101754.46470039338,
      "R_emaildomain": 91290.69831889123,
      "C14": 42132.803554999526,
      "V294": 41963.85728468001,
      "C1_fq_enc": 41584.23444297211,
      "V70": 40288.36381584406,
      "V308": 35577.532413333654,
      "V317": 24602.201614022255,
      "D2_scaled": 23324.65837185085,
      "C4": 18782.453223913908
    }
  },
  "trials": {
    "Full": {
      "val_score": 0.9114842879143559
    }
  }
}