{
  "model_params": {
    "objective": "binary",
    "metric": "auc",
    "boosting_type": "gbdt",
    "learning_rate": 0.007,
    "max_depth": -1,
    "is_unbalance": true,
    "boost_from_average": false,
    "verbose": -1,
    "save_binary": true,
    "seed": 1337,
    "feature_fraction_seed": 1337,
    "bagging_seed": 1337,
    "drop_seed": 1337,
    "data_random_seed": 1337,
    "bagging_fraction": 0.3,
    "bagging_freq": 70,
    "colsample_bytree": 0.4,
    "lambda_l1": 6.0,
    "lambda_l2": 0.9,
    "max_bin": 290,
    "min_data_in_leaf": 60,
    "min_gain_to_split": 2.69,
    "min_sum_hessian_in_leaf": 5.1000000000000005,
    "num_leaves": 240
  },
  "fit_params": {
    "verbose_eval": false,
    "early_stopping_rounds": 100,
    "num_boost_round": 10000
  },
  "result": {
    "trn_score": 0.9498014823978074,
    "val_score": 0.9104580615763963,
    "best_iteration": 1790,
    "elapsed_time": "1.09 min.",
    "feature_importance_top10": {
      "V258": 37212.977229595184,
      "R_emaildomain": 29295.88392353058,
      "C14": 16796.135429486632,
      "V70": 14746.410095125437,
      "C1_fq_enc": 13435.066228661686,
      "C13": 12850.184987086803,
      "V294": 12270.912433862686,
      "V308": 11922.93696622923,
      "V317": 10597.974258616567,
      "V69": 10342.326018214226
    }
  },
  "trials": {
    "Full": {
      "val_score": 0.9104580615763963
    }
  }
}