{
  "model_params": {
    "objective": "binary",
    "metric": "auc",
    "boosting_type": "gbdt",
    "learning_rate": 0.007,
    "max_depth": -1,
    "is_unbalance": true,
    "boost_from_average": false,
    "verbose": -1,
    "save_binary": true,
    "seed": 1337,
    "feature_fraction_seed": 1337,
    "bagging_seed": 1337,
    "drop_seed": 1337,
    "data_random_seed": 1337,
    "bagging_fraction": 0.16,
    "bagging_freq": 44,
    "colsample_bytree": 0.85,
    "lambda_l1": 0.30000000000000004,
    "lambda_l2": 33.9,
    "max_bin": 365,
    "min_data_in_leaf": 166,
    "min_gain_to_split": 0.99,
    "min_sum_hessian_in_leaf": 0.1,
    "num_leaves": 320
  },
  "fit_params": {
    "verbose_eval": false,
    "early_stopping_rounds": 100,
    "num_boost_round": 10000
  },
  "result": {
    "trn_score": 0.9409323066631978,
    "val_score": 0.9044263627762793,
    "best_iteration": 2424,
    "elapsed_time": "1.75 min.",
    "feature_importance_top10": {
      "V258": 20599.754202008247,
      "C14": 18341.243689596653,
      "C1_fq_enc": 16012.75606190972,
      "V317": 15838.294859409332,
      "V34": 13785.697998046875,
      "V308": 7956.559998644516,
      "R_emaildomain": 7866.609467193484,
      "D2_scaled": 7222.622084334493,
      "C5": 6892.755469918251,
      "C11": 5993.097256720066
    }
  },
  "trials": {
    "Full": {
      "val_score": 0.9044263627762793
    }
  }
}