{
  "model_params": {
    "objective": "binary",
    "metric": "auc",
    "boosting_type": "gbdt",
    "learning_rate": 0.007,
    "max_depth": -1,
    "is_unbalance": true,
    "boost_from_average": false,
    "verbose": -1,
    "save_binary": true,
    "seed": 1337,
    "feature_fraction_seed": 1337,
    "bagging_seed": 1337,
    "drop_seed": 1337,
    "data_random_seed": 1337,
    "bagging_fraction": 0.45,
    "bagging_freq": 80,
    "colsample_bytree": 0.8,
    "lambda_l1": 97.9,
    "lambda_l2": 39.7,
    "max_bin": 385,
    "min_data_in_leaf": 1,
    "min_gain_to_split": 1.28,
    "min_sum_hessian_in_leaf": 6.1000000000000005,
    "num_leaves": 224
  },
  "fit_params": {
    "verbose_eval": false,
    "early_stopping_rounds": 100,
    "num_boost_round": 10000
  },
  "result": {
    "trn_score": 0.9076065261855426,
    "val_score": 0.8860176453790287,
    "best_iteration": 894,
    "elapsed_time": "0.89 min.",
    "feature_importance_top10": {
      "R_emaildomain": 51571.71741557121,
      "C1_fq_enc": 44044.32155988738,
      "V70": 42185.78375971317,
      "V258": 35330.295282661915,
      "V308": 29372.55474102497,
      "C14": 23732.850786995143,
      "V294": 21589.766997247934,
      "D2_scaled": 15098.291964256205,
      "V91": 9366.170464456081,
      "C5": 8689.161750916392
    }
  },
  "trials": {
    "Full": {
      "val_score": 0.8860176453790287
    }
  }
}