{
  "model_params": {
    "objective": "binary",
    "metric": "auc",
    "boosting_type": "gbdt",
    "learning_rate": 0.007,
    "max_depth": -1,
    "is_unbalance": true,
    "boost_from_average": false,
    "verbose": -1,
    "save_binary": true,
    "seed": 1337,
    "feature_fraction_seed": 1337,
    "bagging_seed": 1337,
    "drop_seed": 1337,
    "data_random_seed": 1337,
    "bagging_fraction": 0.81,
    "bagging_freq": 25,
    "colsample_bytree": 0.59,
    "lambda_l1": 18.7,
    "lambda_l2": 44.900000000000006,
    "max_bin": 255,
    "min_data_in_leaf": 211,
    "min_gain_to_split": 1.62,
    "min_sum_hessian_in_leaf": 7.4,
    "num_leaves": 512
  },
  "fit_params": {
    "verbose_eval": false,
    "early_stopping_rounds": 100,
    "num_boost_round": 10000
  },
  "result": {
    "trn_score": 0.9557786962003813,
    "val_score": 0.9133549099930536,
    "best_iteration": 2577,
    "elapsed_time": "2.27 min.",
    "feature_importance_top10": {
      "V258": 123059.28439820558,
      "R_emaildomain": 116056.87002691627,
      "V294": 75854.78267002106,
      "C14": 56862.46132658445,
      "C1_fq_enc": 48126.294360399246,
      "V70": 43255.333804130554,
      "V308": 38898.62945102155,
      "C13": 34806.464825395495,
      "D2_scaled": 26668.756379179657,
      "C1": 24412.037236011587
    }
  },
  "trials": {
    "Full": {
      "val_score": 0.9133549099930536
    }
  }
}