{
  "model_params": {
    "objective": "binary",
    "metric": "auc",
    "boosting_type": "gbdt",
    "learning_rate": 0.007,
    "max_depth": -1,
    "is_unbalance": true,
    "boost_from_average": false,
    "verbose": -1,
    "save_binary": true,
    "seed": 1337,
    "feature_fraction_seed": 1337,
    "bagging_seed": 1337,
    "drop_seed": 1337,
    "data_random_seed": 1337,
    "bagging_fraction": 0.35000000000000003,
    "bagging_freq": 38,
    "colsample_bytree": 0.72,
    "lambda_l1": 24.400000000000002,
    "lambda_l2": 10.8,
    "max_bin": 275,
    "min_data_in_leaf": 179,
    "min_gain_to_split": 3.14,
    "min_sum_hessian_in_leaf": 19.900000000000002,
    "num_leaves": 544
  },
  "fit_params": {
    "verbose_eval": false,
    "early_stopping_rounds": 100,
    "num_boost_round": 10000
  },
  "result": {
    "trn_score": 0.9176507386247676,
    "val_score": 0.8934522949073784,
    "best_iteration": 1702,
    "elapsed_time": "1.18 min.",
    "feature_importance_top10": {
      "V258": 48351.27141165733,
      "R_emaildomain": 43197.086365535855,
      "V294": 29750.34295463562,
      "C1_fq_enc": 28837.464830655837,
      "C14": 23230.25934714079,
      "V70": 19986.002558469772,
      "V308": 14352.252562403679,
      "V317": 12788.765120752156,
      "C4": 10984.49047088623,
      "D2_scaled": 9733.701593726873
    }
  },
  "trials": {
    "Full": {
      "val_score": 0.8934522949073784
    }
  }
}