{
  "model_params": {
    "objective": "binary",
    "metric": "auc",
    "boosting_type": "gbdt",
    "learning_rate": 0.007,
    "max_depth": -1,
    "is_unbalance": true,
    "boost_from_average": false,
    "verbose": -1,
    "save_binary": true,
    "seed": 1337,
    "feature_fraction_seed": 1337,
    "bagging_seed": 1337,
    "drop_seed": 1337,
    "data_random_seed": 1337,
    "bagging_fraction": 0.01,
    "bagging_freq": 83,
    "colsample_bytree": 0.17,
    "lambda_l1": 5.0,
    "lambda_l2": 37.7,
    "max_bin": 185,
    "min_data_in_leaf": 20,
    "min_gain_to_split": 0.26,
    "min_sum_hessian_in_leaf": 10.9,
    "num_leaves": 128
  },
  "fit_params": {
    "verbose_eval": false,
    "early_stopping_rounds": 100,
    "num_boost_round": 10000
  },
  "result": {
    "trn_score": 0.8256976653188043,
    "val_score": 0.8292961558281402,
    "best_iteration": 521,
    "elapsed_time": "0.34 min.",
    "feature_importance_top10": {
      "product_type_DT_M": 254.34452939033508,
      "uid4_D10_std": 248.4900982528925,
      "V74": 245.77479243278503,
      "V308": 233.30984222888947,
      "product_type_DT_D": 221.41661402583122,
      "product_type_DT_W": 204.48367562890053,
      "uid5_D10_std": 177.6275291442871,
      "V34": 171.2449607849121,
      "C1_fq_enc": 170.87042823433876,
      "V90": 170.02840089797974
    }
  },
  "trials": {
    "Full": {
      "val_score": 0.8292961558281402
    }
  }
}