{
  "model_params": {
    "objective": "binary",
    "metric": "auc",
    "boosting_type": "gbdt",
    "learning_rate": 0.007,
    "max_depth": -1,
    "is_unbalance": true,
    "boost_from_average": false,
    "verbose": -1,
    "save_binary": true,
    "seed": 1337,
    "feature_fraction_seed": 1337,
    "bagging_seed": 1337,
    "drop_seed": 1337,
    "data_random_seed": 1337,
    "bagging_fraction": 0.5,
    "bagging_freq": 56,
    "colsample_bytree": 0.51,
    "lambda_l1": 78.0,
    "lambda_l2": 31.1,
    "max_bin": 95,
    "min_data_in_leaf": 84,
    "min_gain_to_split": 2.71,
    "min_sum_hessian_in_leaf": 0.6000000000000001,
    "num_leaves": 784
  },
  "fit_params": {
    "verbose_eval": false,
    "early_stopping_rounds": 100,
    "num_boost_round": 10000
  },
  "result": {
    "trn_score": 0.9053926619980145,
    "val_score": 0.8845338235231451,
    "best_iteration": 1095,
    "elapsed_time": "0.73 min.",
    "feature_importance_top10": {
      "R_emaildomain": 54619.33181643486,
      "V258": 41667.17728757858,
      "C1_fq_enc": 39840.11611542851,
      "V70": 34623.61639350653,
      "V308": 26043.97248286009,
      "C14": 24675.003189340234,
      "V294": 17199.552772164345,
      "C1": 15405.638802170753,
      "V317": 15392.437930092216,
      "C5": 14034.641059696674
    }
  },
  "trials": {
    "Full": {
      "val_score": 0.8845338235231451
    }
  }
}