{
  "model_params": {
    "objective": "binary",
    "metric": "auc",
    "boosting_type": "gbdt",
    "learning_rate": 0.007,
    "max_depth": -1,
    "is_unbalance": true,
    "boost_from_average": false,
    "verbose": -1,
    "save_binary": true,
    "seed": 1337,
    "feature_fraction_seed": 1337,
    "bagging_seed": 1337,
    "drop_seed": 1337,
    "data_random_seed": 1337,
    "bagging_fraction": 0.9400000000000001,
    "bagging_freq": 68,
    "colsample_bytree": 0.67,
    "lambda_l1": 26.700000000000003,
    "lambda_l2": 25.3,
    "max_bin": 310,
    "min_data_in_leaf": 276,
    "min_gain_to_split": 4.53,
    "min_sum_hessian_in_leaf": 16.400000000000002,
    "num_leaves": 656
  },
  "fit_params": {
    "verbose_eval": false,
    "early_stopping_rounds": 100,
    "num_boost_round": 10000
  },
  "result": {
    "trn_score": 0.934816717825274,
    "val_score": 0.9036103507116823,
    "best_iteration": 1468,
    "elapsed_time": "1.76 min.",
    "feature_importance_top10": {
      "V258": 173215.00759220123,
      "R_emaildomain": 137133.05704093352,
      "C14": 80554.80043581128,
      "V294": 76081.14429092407,
      "C1_fq_enc": 59990.01052080095,
      "V70": 55851.72786615789,
      "V308": 51400.532543092966,
      "D2_scaled": 33062.70204682648,
      "V317": 30199.222106218338,
      "C13": 26611.263279996812
    }
  },
  "trials": {
    "Full": {
      "val_score": 0.9036103507116823
    }
  }
}