{
  "model_params": {
    "objective": "binary",
    "metric": "auc",
    "boosting_type": "gbdt",
    "learning_rate": 0.007,
    "max_depth": -1,
    "is_unbalance": true,
    "boost_from_average": false,
    "verbose": -1,
    "save_binary": true,
    "seed": 1337,
    "feature_fraction_seed": 1337,
    "bagging_seed": 1337,
    "drop_seed": 1337,
    "data_random_seed": 1337,
    "bagging_fraction": 0.73,
    "bagging_freq": 90,
    "colsample_bytree": 0.38,
    "lambda_l1": 9.4,
    "lambda_l2": 2.4000000000000004,
    "max_bin": 280,
    "min_data_in_leaf": 47,
    "min_gain_to_split": 3.91,
    "min_sum_hessian_in_leaf": 7.6000000000000005,
    "num_leaves": 544
  },
  "fit_params": {
    "verbose_eval": false,
    "early_stopping_rounds": 100,
    "num_boost_round": 10000
  },
  "result": {
    "trn_score": 0.9528114470791017,
    "val_score": 0.9122912224174363,
    "best_iteration": 1260,
    "elapsed_time": "1.07 min.",
    "feature_importance_top10": {
      "V258": 89131.8677316904,
      "R_emaildomain": 66370.33799507562,
      "V70": 47384.01774096489,
      "C14": 42078.28314553574,
      "V257": 36430.62584686279,
      "V294": 34154.457466989756,
      "V69": 31051.901174902916,
      "C1_fq_enc": 28185.994261378422,
      "C13": 27166.621573995682,
      "V308": 24068.37272748351
    }
  },
  "trials": {
    "Full": {
      "val_score": 0.9122912224174363
    }
  }
}