{
  "model_params": {
    "objective": "binary",
    "metric": "auc",
    "boosting_type": "gbdt",
    "learning_rate": 0.007,
    "max_depth": -1,
    "is_unbalance": true,
    "boost_from_average": false,
    "verbose": -1,
    "save_binary": true,
    "seed": 1337,
    "feature_fraction_seed": 1337,
    "bagging_seed": 1337,
    "drop_seed": 1337,
    "data_random_seed": 1337,
    "bagging_fraction": 0.6900000000000001,
    "bagging_freq": 98,
    "colsample_bytree": 0.93,
    "lambda_l1": 14.3,
    "lambda_l2": 53.6,
    "max_bin": 145,
    "min_data_in_leaf": 31,
    "min_gain_to_split": 0.75,
    "min_sum_hessian_in_leaf": 5.7,
    "num_leaves": 288
  },
  "fit_params": {
    "verbose_eval": false,
    "early_stopping_rounds": 100,
    "num_boost_round": 10000
  },
  "result": {
    "trn_score": 0.9766083943410621,
    "val_score": 0.9222837216771513,
    "best_iteration": 3101,
    "elapsed_time": "4.13 min.",
    "feature_importance_top10": {
      "V258": 123660.55911852047,
      "R_emaildomain": 115605.01626849547,
      "V294": 85826.12953728437,
      "C14": 73784.69446776435,
      "C1_fq_enc": 54354.7005290417,
      "V308": 49483.8231344223,
      "D2_scaled": 33222.22187599866,
      "V70": 27270.881721258163,
      "C4": 20647.16800120473,
      "C13": 18630.68532755421
    }
  },
  "trials": {
    "Full": {
      "val_score": 0.9222837216771513
    }
  }
}