{
  "model_params": {
    "objective": "binary",
    "metric": "auc",
    "boosting_type": "gbdt",
    "learning_rate": 0.007,
    "max_depth": -1,
    "is_unbalance": true,
    "boost_from_average": false,
    "verbose": -1,
    "save_binary": true,
    "seed": 1337,
    "feature_fraction_seed": 1337,
    "bagging_seed": 1337,
    "drop_seed": 1337,
    "data_random_seed": 1337,
    "bagging_fraction": 0.98,
    "bagging_freq": 88,
    "colsample_bytree": 0.81,
    "lambda_l1": 2.2,
    "lambda_l2": 0.5,
    "max_bin": 490,
    "min_data_in_leaf": 12,
    "min_gain_to_split": 1.24,
    "min_sum_hessian_in_leaf": 4.2,
    "num_leaves": 224
  },
  "fit_params": {
    "verbose_eval": false,
    "early_stopping_rounds": 100,
    "num_boost_round": 10000
  },
  "result": {
    "trn_score": 0.9973493590641432,
    "val_score": 0.9315629749144028,
    "best_iteration": 1329,
    "elapsed_time": "5.32 min.",
    "feature_importance_top10": {
      "V258": 242808.71757678688,
      "V70": 133116.62180018425,
      "R_emaildomain": 115355.19028902054,
      "V294": 92873.35490325093,
      "C14": 90790.75865684077,
      "C1_fq_enc": 61129.73878645152,
      "D2_scaled": 46900.801161851734,
      "V308": 29390.17055630684,
      "C13": 28814.41477517225,
      "C1": 26908.401064535603
    }
  },
  "trials": {
    "Full": {
      "val_score": 0.9315629749144028
    }
  }
}