{
  "model_params": {
    "objective": "binary",
    "metric": "auc",
    "boosting_type": "gbdt",
    "learning_rate": 0.007,
    "max_depth": -1,
    "is_unbalance": true,
    "boost_from_average": false,
    "verbose": -1,
    "save_binary": true,
    "seed": 1337,
    "feature_fraction_seed": 1337,
    "bagging_seed": 1337,
    "drop_seed": 1337,
    "data_random_seed": 1337,
    "bagging_fraction": 0.86,
    "bagging_freq": 73,
    "colsample_bytree": 0.9,
    "lambda_l1": 18.2,
    "lambda_l2": 0.6000000000000001,
    "max_bin": 415,
    "min_data_in_leaf": 54,
    "min_gain_to_split": 0.39,
    "min_sum_hessian_in_leaf": 0.8,
    "num_leaves": 320
  },
  "fit_params": {
    "verbose_eval": false,
    "early_stopping_rounds": 100,
    "num_boost_round": 10000
  },
  "result": {
    "trn_score": 0.9858265485703144,
    "val_score": 0.925036193284461,
    "best_iteration": 2060,
    "elapsed_time": "3.96 min.",
    "feature_importance_top10": {
      "V258": 177018.76069199294,
      "R_emaildomain": 127750.98715022206,
      "C14": 88833.4179266952,
      "V294": 86609.32973265648,
      "V70": 69467.00904643536,
      "C1_fq_enc": 61438.34255605936,
      "V308": 49374.2806807179,
      "D2_scaled": 41277.70993732661,
      "V91": 23563.829746067524,
      "C13": 23465.00729557313
    }
  },
  "trials": {
    "Full": {
      "val_score": 0.925036193284461
    }
  }
}