{
  "model_params": {
    "objective": "binary",
    "metric": "auc",
    "boosting_type": "gbdt",
    "learning_rate": 0.007,
    "max_depth": -1,
    "is_unbalance": true,
    "boost_from_average": false,
    "verbose": -1,
    "save_binary": true,
    "seed": 1337,
    "feature_fraction_seed": 1337,
    "bagging_seed": 1337,
    "drop_seed": 1337,
    "data_random_seed": 1337,
    "bagging_fraction": 0.77,
    "bagging_freq": 94,
    "colsample_bytree": 0.76,
    "lambda_l1": 3.7,
    "lambda_l2": 20.900000000000002,
    "max_bin": 430,
    "min_data_in_leaf": 26,
    "min_gain_to_split": 2.15,
    "min_sum_hessian_in_leaf": 1.8,
    "num_leaves": 480
  },
  "fit_params": {
    "verbose_eval": false,
    "early_stopping_rounds": 100,
    "num_boost_round": 10000
  },
  "result": {
    "trn_score": 0.9809373395335437,
    "val_score": 0.9248270629546361,
    "best_iteration": 2444,
    "elapsed_time": "3.22 min.",
    "feature_importance_top10": {
      "V258": 149976.95449829102,
      "R_emaildomain": 107196.69176580757,
      "V70": 68726.07174217701,
      "C14": 65367.867534132674,
      "V294": 60928.48307496309,
      "V308": 52123.35170044005,
      "C1_fq_enc": 46611.504990378395,
      "D2_scaled": 30959.9251613589,
      "C13": 29723.636687402846,
      "C1": 24448.707934731618
    }
  },
  "trials": {
    "Full": {
      "val_score": 0.9248270629546361
    }
  }
}