{
  "model_params": {
    "objective": "binary",
    "metric": "auc",
    "boosting_type": "gbdt",
    "learning_rate": 0.007,
    "max_depth": -1,
    "is_unbalance": true,
    "boost_from_average": false,
    "verbose": -1,
    "save_binary": true,
    "seed": 1337,
    "feature_fraction_seed": 1337,
    "bagging_seed": 1337,
    "drop_seed": 1337,
    "data_random_seed": 1337,
    "bagging_fraction": 1.0,
    "bagging_freq": 83,
    "colsample_bytree": 0.49,
    "lambda_l1": 15.600000000000001,
    "lambda_l2": 27.3,
    "max_bin": 375,
    "min_data_in_leaf": 65,
    "min_gain_to_split": 0.6,
    "min_sum_hessian_in_leaf": 6.300000000000001,
    "num_leaves": 368
  },
  "fit_params": {
    "verbose_eval": false,
    "early_stopping_rounds": 100,
    "num_boost_round": 10000
  },
  "result": {
    "trn_score": 0.9808963676645763,
    "val_score": 0.9245919068052314,
    "best_iteration": 2171,
    "elapsed_time": "2.62 min.",
    "feature_importance_top10": {
      "V258": 182487.41610608995,
      "R_emaildomain": 112933.88422954082,
      "C14": 71764.66987758875,
      "V294": 64955.681827664375,
      "V70": 57733.25806496665,
      "C13": 45588.84274782147,
      "C1_fq_enc": 43494.106403678656,
      "V317": 42053.99608463049,
      "V308": 40616.69277120754,
      "D2_scaled": 33676.71364574414
    }
  },
  "trials": {
    "Full": {
      "val_score": 0.9245919068052314
    }
  }
}