{
  "model_params": {
    "objective": "binary",
    "metric": "auc",
    "boosting_type": "gbdt",
    "learning_rate": 0.007,
    "max_depth": -1,
    "is_unbalance": true,
    "boost_from_average": false,
    "verbose": -1,
    "save_binary": true,
    "seed": 1337,
    "feature_fraction_seed": 1337,
    "bagging_seed": 1337,
    "drop_seed": 1337,
    "data_random_seed": 1337,
    "bagging_fraction": 0.74,
    "bagging_freq": 75,
    "colsample_bytree": 0.65,
    "lambda_l1": 2.8000000000000003,
    "lambda_l2": 13.5,
    "max_bin": 465,
    "min_data_in_leaf": 117,
    "min_gain_to_split": 1.2,
    "min_sum_hessian_in_leaf": 9.5,
    "num_leaves": 336
  },
  "fit_params": {
    "verbose_eval": false,
    "early_stopping_rounds": 100,
    "num_boost_round": 10000
  },
  "result": {
    "trn_score": 0.9898677587632075,
    "val_score": 0.9262829741956476,
    "best_iteration": 2032,
    "elapsed_time": "2.86 min.",
    "feature_importance_top10": {
      "V258": 135289.73863112926,
      "R_emaildomain": 103274.98800181784,
      "V294": 69644.02569952607,
      "C14": 67696.9573828578,
      "V70": 56737.784195661545,
      "C1_fq_enc": 49265.316075757146,
      "V308": 37982.109807852656,
      "D2_scaled": 30441.318681191653,
      "C13": 27284.78794276857,
      "V317": 24567.141971617937
    }
  },
  "trials": {
    "Full": {
      "val_score": 0.9262829741956476
    }
  }
}