{
  "model_params": {
    "objective": "binary",
    "metric": "auc",
    "boosting_type": "gbdt",
    "learning_rate": 0.007,
    "max_depth": -1,
    "is_unbalance": true,
    "boost_from_average": false,
    "verbose": -1,
    "save_binary": true,
    "seed": 1337,
    "feature_fraction_seed": 1337,
    "bagging_seed": 1337,
    "drop_seed": 1337,
    "data_random_seed": 1337,
    "bagging_fraction": 0.87,
    "bagging_freq": 96,
    "colsample_bytree": 0.58,
    "lambda_l1": 32.7,
    "lambda_l2": 43.800000000000004,
    "max_bin": 260,
    "min_data_in_leaf": 87,
    "min_gain_to_split": 0.16,
    "min_sum_hessian_in_leaf": 1.3,
    "num_leaves": 448
  },
  "fit_params": {
    "verbose_eval": false,
    "early_stopping_rounds": 100,
    "num_boost_round": 10000
  },
  "result": {
    "trn_score": 0.9718484554798708,
    "val_score": 0.9204090953396805,
    "best_iteration": 3509,
    "elapsed_time": "3.01 min.",
    "feature_importance_top10": {
      "V258": 139995.97512688488,
      "R_emaildomain": 128250.23648575507,
      "C14": 70650.75388051773,
      "V294": 69508.52359354496,
      "C1_fq_enc": 52414.145272206515,
      "V308": 43636.31897525862,
      "V70": 39128.03599585593,
      "D2_scaled": 32560.047812051256,
      "C13": 30061.54647900164,
      "C4": 26298.75891159475
    }
  },
  "trials": {
    "Full": {
      "val_score": 0.9204090953396805
    }
  }
}