{
  "model_params": {
    "objective": "binary",
    "metric": "auc",
    "boosting_type": "gbdt",
    "learning_rate": 0.007,
    "max_depth": -1,
    "is_unbalance": true,
    "boost_from_average": false,
    "verbose": -1,
    "save_binary": true,
    "seed": 1337,
    "feature_fraction_seed": 1337,
    "bagging_seed": 1337,
    "drop_seed": 1337,
    "data_random_seed": 1337,
    "bagging_fraction": 0.79,
    "bagging_freq": 61,
    "colsample_bytree": 0.25,
    "lambda_l1": 12.200000000000001,
    "lambda_l2": 23.200000000000003,
    "max_bin": 305,
    "min_data_in_leaf": 35,
    "min_gain_to_split": 2.0300000000000002,
    "min_sum_hessian_in_leaf": 3.4000000000000004,
    "num_leaves": 240
  },
  "fit_params": {
    "verbose_eval": false,
    "early_stopping_rounds": 100,
    "num_boost_round": 10000
  },
  "result": {
    "trn_score": 0.9641121593905324,
    "val_score": 0.9183493493254563,
    "best_iteration": 4194,
    "elapsed_time": "1.92 min.",
    "feature_importance_top10": {
      "V258": 66479.05461945385,
      "R_emaildomain": 60130.11455099634,
      "V70": 41281.53810663521,
      "C14": 38951.18407281488,
      "C13": 30142.474585995544,
      "V257": 29431.053661346436,
      "V69": 27161.370332598686,
      "V201": 24077.437096893787,
      "V91": 23994.371262729168,
      "C1_fq_enc": 23535.467235306744
    }
  },
  "trials": {
    "Full": {
      "val_score": 0.9183493493254563
    }
  }
}