{
  "model_params": {
    "objective": "binary",
    "metric": "auc",
    "boosting_type": "gbdt",
    "learning_rate": 0.007,
    "max_depth": -1,
    "is_unbalance": true,
    "boost_from_average": false,
    "verbose": -1,
    "save_binary": true,
    "seed": 1337,
    "feature_fraction_seed": 1337,
    "bagging_seed": 1337,
    "drop_seed": 1337,
    "data_random_seed": 1337,
    "bagging_fraction": 0.93,
    "bagging_freq": 64,
    "colsample_bytree": 0.39,
    "lambda_l1": 61.2,
    "lambda_l2": 0.2,
    "max_bin": 425,
    "min_data_in_leaf": 20,
    "min_gain_to_split": 1.68,
    "min_sum_hessian_in_leaf": 6.7,
    "num_leaves": 48
  },
  "fit_params": {
    "verbose_eval": false,
    "early_stopping_rounds": 100,
    "num_boost_round": 10000
  },
  "result": {
    "trn_score": 0.9335141806129019,
    "val_score": 0.9026479764703645,
    "best_iteration": 1420,
    "elapsed_time": "1.23 min.",
    "feature_importance_top10": {
      "V258": 127234.6756080389,
      "R_emaildomain": 99875.77405801415,
      "V70": 45098.96091401577,
      "C14": 42500.70471033454,
      "C1_fq_enc": 41069.51091578603,
      "V317": 38363.46593618393,
      "V308": 38021.26748228073,
      "V294": 37394.163985967636,
      "C13": 32578.265216723084,
      "C1": 25514.2730884403
    }
  },
  "trials": {
    "Full": {
      "val_score": 0.9026479764703645
    }
  }
}