{
  "model_params": {
    "objective": "binary",
    "metric": "auc",
    "boosting_type": "gbdt",
    "learning_rate": 0.007,
    "max_depth": -1,
    "is_unbalance": true,
    "boost_from_average": false,
    "verbose": -1,
    "save_binary": true,
    "seed": 1337,
    "feature_fraction_seed": 1337,
    "bagging_seed": 1337,
    "drop_seed": 1337,
    "data_random_seed": 1337,
    "bagging_fraction": 0.98,
    "bagging_freq": 100,
    "colsample_bytree": 0.91,
    "lambda_l1": 16.1,
    "lambda_l2": 9.3,
    "max_bin": 350,
    "min_data_in_leaf": 72,
    "min_gain_to_split": 1.83,
    "min_sum_hessian_in_leaf": 14.700000000000001,
    "num_leaves": 496
  },
  "fit_params": {
    "verbose_eval": false,
    "early_stopping_rounds": 100,
    "num_boost_round": 10000
  },
  "result": {
    "trn_score": 0.9677606429519467,
    "val_score": 0.9181397571090381,
    "best_iteration": 1570,
    "elapsed_time": "2.97 min.",
    "feature_importance_top10": {
      "V258": 233549.44756174088,
      "R_emaildomain": 116874.15084767109,
      "V294": 112591.76431941986,
      "C14": 92925.10779848695,
      "V70": 89317.76740580797,
      "C1_fq_enc": 58034.86202570051,
      "D2_scaled": 47597.17197032925,
      "V308": 47267.22701883316,
      "C4": 27185.93320053816,
      "C13": 25989.195642881095
    }
  },
  "trials": {
    "Full": {
      "val_score": 0.9181397571090381
    }
  }
}