{
  "model_params": {
    "objective": "binary",
    "metric": "auc",
    "boosting_type": "gbdt",
    "learning_rate": 0.007,
    "max_depth": -1,
    "is_unbalance": true,
    "boost_from_average": false,
    "verbose": -1,
    "save_binary": true,
    "seed": 1337,
    "feature_fraction_seed": 1337,
    "bagging_seed": 1337,
    "drop_seed": 1337,
    "data_random_seed": 1337,
    "bagging_fraction": 0.25,
    "bagging_freq": 86,
    "colsample_bytree": 0.98,
    "lambda_l1": 22.5,
    "lambda_l2": 50.900000000000006,
    "max_bin": 405,
    "min_data_in_leaf": 136,
    "min_gain_to_split": 0.85,
    "min_sum_hessian_in_leaf": 8.0,
    "num_leaves": 624
  },
  "fit_params": {
    "verbose_eval": false,
    "early_stopping_rounds": 100,
    "num_boost_round": 10000
  },
  "result": {
    "trn_score": 0.9280350812195217,
    "val_score": 0.8986543038399076,
    "best_iteration": 2836,
    "elapsed_time": "2.18 min.",
    "feature_importance_top10": {
      "R_emaildomain": 30440.681892856956,
      "C1_fq_enc": 28822.925688773394,
      "V70": 22349.270569086075,
      "V258": 20786.890532976016,
      "V317": 19882.707389831543,
      "C14": 16775.973969103303,
      "C5": 14183.636694669724,
      "V91": 12966.091693878174,
      "V294": 12357.639486789703,
      "C11_fq_enc": 9094.571609824896
    }
  },
  "trials": {
    "Full": {
      "val_score": 0.8986543038399076
    }
  }
}