{
  "model_params": {
    "objective": "binary",
    "metric": "auc",
    "boosting_type": "gbdt",
    "learning_rate": 0.007,
    "max_depth": -1,
    "is_unbalance": true,
    "boost_from_average": false,
    "verbose": -1,
    "save_binary": true,
    "seed": 1337,
    "feature_fraction_seed": 1337,
    "bagging_seed": 1337,
    "drop_seed": 1337,
    "data_random_seed": 1337,
    "bagging_fraction": 0.96,
    "bagging_freq": 78,
    "colsample_bytree": 0.35000000000000003,
    "lambda_l1": 25.5,
    "lambda_l2": 28.200000000000003,
    "max_bin": 385,
    "min_data_in_leaf": 45,
    "min_gain_to_split": 2.37,
    "min_sum_hessian_in_leaf": 0.4,
    "num_leaves": 848
  },
  "fit_params": {
    "verbose_eval": false,
    "early_stopping_rounds": 100,
    "num_boost_round": 10000
  },
  "result": {
    "trn_score": 0.9499946554408205,
    "val_score": 0.9119252964887292,
    "best_iteration": 1719,
    "elapsed_time": "1.69 min.",
    "feature_importance_top10": {
      "V258": 112427.31047746539,
      "R_emaildomain": 93181.69407948852,
      "C14": 59489.703845113516,
      "V70": 53556.94045484066,
      "V294": 42890.29484295845,
      "C1_fq_enc": 37869.22806253657,
      "C13": 37311.10608423874,
      "V257": 31449.6148545146,
      "V308": 30543.852129757404,
      "C4": 29079.941258072853
    }
  },
  "trials": {
    "Full": {
      "val_score": 0.9119252964887292
    }
  }
}