{
  "model_params": {
    "objective": "binary",
    "metric": "auc",
    "boosting_type": "gbdt",
    "learning_rate": 0.007,
    "max_depth": -1,
    "is_unbalance": true,
    "boost_from_average": false,
    "verbose": -1,
    "save_binary": true,
    "seed": 1337,
    "feature_fraction_seed": 1337,
    "bagging_seed": 1337,
    "drop_seed": 1337,
    "data_random_seed": 1337,
    "bagging_fraction": 0.62,
    "bagging_freq": 67,
    "colsample_bytree": 0.5,
    "lambda_l1": 54.6,
    "lambda_l2": 12.200000000000001,
    "max_bin": 240,
    "min_data_in_leaf": 193,
    "min_gain_to_split": 2.58,
    "min_sum_hessian_in_leaf": 3.9000000000000004,
    "num_leaves": 672
  },
  "fit_params": {
    "verbose_eval": false,
    "early_stopping_rounds": 100,
    "num_boost_round": 10000
  },
  "result": {
    "trn_score": 0.916815176162103,
    "val_score": 0.8924726669668631,
    "best_iteration": 1345,
    "elapsed_time": "0.91 min.",
    "feature_importance_top10": {
      "R_emaildomain": 77164.29409110546,
      "V258": 72156.46599757671,
      "V294": 42959.476978302,
      "V70": 40206.72529113293,
      "C1_fq_enc": 35527.68005120009,
      "C14": 29793.946700170636,
      "V308": 29413.590318381786,
      "C1": 19722.477645546198,
      "C13": 19440.413322277367,
      "V317": 16825.449105888605
    }
  },
  "trials": {
    "Full": {
      "val_score": 0.8924726669668631
    }
  }
}