{
  "model_params": {
    "objective": "binary",
    "metric": "auc",
    "boosting_type": "gbdt",
    "learning_rate": 0.007,
    "max_depth": -1,
    "is_unbalance": true,
    "boost_from_average": false,
    "verbose": -1,
    "save_binary": true,
    "seed": 1337,
    "feature_fraction_seed": 1337,
    "bagging_seed": 1337,
    "drop_seed": 1337,
    "data_random_seed": 1337,
    "bagging_fraction": 0.78,
    "bagging_freq": 31,
    "colsample_bytree": 0.74,
    "lambda_l1": 9.200000000000001,
    "lambda_l2": 3.5,
    "max_bin": 370,
    "min_data_in_leaf": 113,
    "min_gain_to_split": 1.35,
    "min_sum_hessian_in_leaf": 7.2,
    "num_leaves": 400
  },
  "fit_params": {
    "verbose_eval": false,
    "early_stopping_rounds": 100,
    "num_boost_round": 10000
  },
  "result": {
    "trn_score": 0.9805227014920322,
    "val_score": 0.9236559420473573,
    "best_iteration": 2229,
    "elapsed_time": "3.48 min.",
    "feature_importance_top10": {
      "V258": 156712.3759279251,
      "R_emaildomain": 109175.13040412217,
      "V294": 75251.83622837067,
      "V70": 73156.55291807652,
      "C14": 65241.690521395765,
      "C1_fq_enc": 55529.194658195134,
      "V308": 40228.87279056758,
      "D2_scaled": 27262.947103753686,
      "C13": 26854.970922766253,
      "P_emaildomain": 17888.701081003528
    }
  },
  "trials": {
    "Full": {
      "val_score": 0.9236559420473573
    }
  }
}