{
  "model_params": {
    "objective": "binary",
    "metric": "auc",
    "boosting_type": "gbdt",
    "learning_rate": 0.007,
    "max_depth": -1,
    "is_unbalance": true,
    "boost_from_average": false,
    "verbose": -1,
    "save_binary": true,
    "seed": 1337,
    "feature_fraction_seed": 1337,
    "bagging_seed": 1337,
    "drop_seed": 1337,
    "data_random_seed": 1337,
    "bagging_fraction": 0.47000000000000003,
    "bagging_freq": 71,
    "colsample_bytree": 0.6,
    "lambda_l1": 43.2,
    "lambda_l2": 66.9,
    "max_bin": 440,
    "min_data_in_leaf": 167,
    "min_gain_to_split": 1.03,
    "min_sum_hessian_in_leaf": 10.100000000000001,
    "num_leaves": 304
  },
  "fit_params": {
    "verbose_eval": false,
    "early_stopping_rounds": 100,
    "num_boost_round": 10000
  },
  "result": {
    "trn_score": 0.9244335539267028,
    "val_score": 0.8980742152524429,
    "best_iteration": 2322,
    "elapsed_time": "1.88 min.",
    "feature_importance_top10": {
      "R_emaildomain": 51111.80482991226,
      "V258": 50736.09940749407,
      "C1_fq_enc": 42494.88698180765,
      "V70": 35416.691049814224,
      "V308": 30976.181681469083,
      "C14": 27534.460474947467,
      "V294": 24701.320756793022,
      "C13": 14124.843587507494,
      "V91": 13973.421564757824,
      "V317": 13511.523362398148
    }
  },
  "trials": {
    "Full": {
      "val_score": 0.8980742152524429
    }
  }
}