{
  "model_params": {
    "objective": "binary",
    "metric": "auc",
    "boosting_type": "gbdt",
    "learning_rate": 0.007,
    "max_depth": -1,
    "is_unbalance": true,
    "boost_from_average": false,
    "verbose": -1,
    "save_binary": true,
    "seed": 1337,
    "feature_fraction_seed": 1337,
    "bagging_seed": 1337,
    "drop_seed": 1337,
    "data_random_seed": 1337,
    "bagging_fraction": 0.36,
    "bagging_freq": 15,
    "colsample_bytree": 0.87,
    "lambda_l1": 1.9000000000000001,
    "lambda_l2": 47.0,
    "max_bin": 270,
    "min_data_in_leaf": 179,
    "min_gain_to_split": 3.35,
    "min_sum_hessian_in_leaf": 12.600000000000001,
    "num_leaves": 352
  },
  "fit_params": {
    "verbose_eval": false,
    "early_stopping_rounds": 100,
    "num_boost_round": 10000
  },
  "result": {
    "trn_score": 0.9519751247957572,
    "val_score": 0.9125259129553558,
    "best_iteration": 3601,
    "elapsed_time": "2.03 min.",
    "feature_importance_top10": {
      "R_emaildomain": 58300.98853930831,
      "V258": 57564.77451963723,
      "C14": 34152.335328921676,
      "C1_fq_enc": 33570.67867740616,
      "V294": 24179.11386322975,
      "V70": 23746.43375658989,
      "V308": 21334.856963425875,
      "V317": 19177.583034276962,
      "D2_scaled": 15569.863649493083,
      "P_emaildomain": 11139.964090690948
    }
  },
  "trials": {
    "Full": {
      "val_score": 0.9125259129553558
    }
  }
}