{
  "model_params": {
    "objective": "binary",
    "metric": "auc",
    "boosting_type": "gbdt",
    "learning_rate": 0.007,
    "max_depth": -1,
    "is_unbalance": true,
    "boost_from_average": false,
    "verbose": -1,
    "save_binary": true,
    "seed": 1337,
    "feature_fraction_seed": 1337,
    "bagging_seed": 1337,
    "drop_seed": 1337,
    "data_random_seed": 1337,
    "bagging_fraction": 0.91,
    "bagging_freq": 58,
    "colsample_bytree": 0.65,
    "lambda_l1": 69.4,
    "lambda_l2": 39.300000000000004,
    "max_bin": 395,
    "min_data_in_leaf": 56,
    "min_gain_to_split": 3.0100000000000002,
    "min_sum_hessian_in_leaf": 3.0,
    "num_leaves": 256
  },
  "fit_params": {
    "verbose_eval": false,
    "early_stopping_rounds": 100,
    "num_boost_round": 10000
  },
  "result": {
    "trn_score": 0.926179417281896,
    "val_score": 0.897014088673465,
    "best_iteration": 1208,
    "elapsed_time": "1.42 min.",
    "feature_importance_top10": {
      "V258": 158546.72178141773,
      "R_emaildomain": 111678.53833334893,
      "V294": 67725.15058636665,
      "C14": 61919.68358104676,
      "V70": 51668.72025561333,
      "C1_fq_enc": 49897.78796465695,
      "V308": 49674.39554926753,
      "D2_scaled": 33761.85959524289,
      "V91": 26649.569620400667,
      "C13": 24170.714174866676
    }
  },
  "trials": {
    "Full": {
      "val_score": 0.897014088673465
    }
  }
}