{
  "model_params": {
    "objective": "binary",
    "metric": "auc",
    "boosting_type": "gbdt",
    "learning_rate": 0.007,
    "max_depth": -1,
    "is_unbalance": true,
    "boost_from_average": false,
    "verbose": -1,
    "save_binary": true,
    "seed": 1337,
    "feature_fraction_seed": 1337,
    "bagging_seed": 1337,
    "drop_seed": 1337,
    "data_random_seed": 1337,
    "bagging_fraction": 0.13,
    "bagging_freq": 74,
    "colsample_bytree": 0.53,
    "lambda_l1": 7.5,
    "lambda_l2": 5.300000000000001,
    "max_bin": 295,
    "min_data_in_leaf": 28,
    "min_gain_to_split": 5.0,
    "min_sum_hessian_in_leaf": 0.6000000000000001,
    "num_leaves": 16
  },
  "fit_params": {
    "verbose_eval": false,
    "early_stopping_rounds": 100,
    "num_boost_round": 10000
  },
  "result": {
    "trn_score": 0.9014086851354765,
    "val_score": 0.8831081733037833,
    "best_iteration": 963,
    "elapsed_time": "0.71 min.",
    "feature_importance_top10": {
      "V34": 11786.228942871094,
      "V308": 11406.449359059334,
      "V258": 10815.663923740387,
      "C1_fq_enc": 7468.7097579836845,
      "C14": 6837.072300553322,
      "R_emaildomain": 6648.203444957733,
      "C4": 6197.241108417511,
      "V317": 5799.772372484207,
      "V69": 3553.9296958446503,
      "C4_fq_enc": 3451.4765090942383
    }
  },
  "trials": {
    "Full": {
      "val_score": 0.8831081733037833
    }
  }
}