{
  "model_params": {
    "objective": "binary",
    "metric": "auc",
    "boosting_type": "gbdt",
    "learning_rate": 0.007,
    "max_depth": -1,
    "is_unbalance": true,
    "boost_from_average": false,
    "verbose": -1,
    "save_binary": true,
    "seed": 1337,
    "feature_fraction_seed": 1337,
    "bagging_seed": 1337,
    "drop_seed": 1337,
    "data_random_seed": 1337,
    "bagging_fraction": 0.99,
    "bagging_freq": 52,
    "colsample_bytree": 0.14,
    "lambda_l1": 5.300000000000001,
    "lambda_l2": 31.900000000000002,
    "max_bin": 410,
    "min_data_in_leaf": 78,
    "min_gain_to_split": 3.77,
    "min_sum_hessian_in_leaf": 0.9,
    "num_leaves": 384
  },
  "fit_params": {
    "verbose_eval": false,
    "early_stopping_rounds": 100,
    "num_boost_round": 10000
  },
  "result": {
    "trn_score": 0.9576236771891321,
    "val_score": 0.915514643280067,
    "best_iteration": 2334,
    "elapsed_time": "1.68 min.",
    "feature_importance_top10": {
      "R_emaildomain": 61318.62838234007,
      "V258": 51579.90309920162,
      "V69": 39733.57012832165,
      "V257": 34509.68407177925,
      "C14": 31422.824416823685,
      "C13": 29588.348399127834,
      "C4": 28545.92123439908,
      "V294": 28485.96192854643,
      "C14_fq_enc": 25695.290270464495,
      "V90": 24838.977137297392
    }
  },
  "trials": {
    "Full": {
      "val_score": 0.915514643280067
    }
  }
}