{
  "model_params": {
    "objective": "binary",
    "metric": "auc",
    "boosting_type": "gbdt",
    "learning_rate": 0.007,
    "max_depth": -1,
    "is_unbalance": true,
    "boost_from_average": false,
    "verbose": -1,
    "save_binary": true,
    "seed": 1337,
    "feature_fraction_seed": 1337,
    "bagging_seed": 1337,
    "drop_seed": 1337,
    "data_random_seed": 1337,
    "bagging_fraction": 0.86,
    "bagging_freq": 96,
    "colsample_bytree": 0.34,
    "lambda_l1": 33.0,
    "lambda_l2": 13.8,
    "max_bin": 420,
    "min_data_in_leaf": 33,
    "min_gain_to_split": 0.41000000000000003,
    "min_sum_hessian_in_leaf": 0.0,
    "num_leaves": 480
  },
  "fit_params": {
    "verbose_eval": false,
    "early_stopping_rounds": 100,
    "num_boost_round": 10000
  },
  "result": {
    "trn_score": 0.9662076344242682,
    "val_score": 0.9182876353167548,
    "best_iteration": 3022,
    "elapsed_time": "3.18 min.",
    "feature_importance_top10": {
      "V258": 88525.31682433188,
      "R_emaildomain": 84495.29003154184,
      "C14": 50074.485471078195,
      "V70": 44020.80073669553,
      "V294": 36285.45110786334,
      "C13": 35763.64922720054,
      "C1_fq_enc": 32985.10544044804,
      "V257": 32182.126811161637,
      "V308": 30598.111967779696,
      "V91": 24254.473770201206
    }
  },
  "trials": {
    "Full": {
      "val_score": 0.9182876353167548
    }
  }
}