{
  "model_params": {
    "objective": "binary",
    "metric": "auc",
    "boosting_type": "gbdt",
    "learning_rate": 0.007,
    "max_depth": -1,
    "is_unbalance": true,
    "boost_from_average": false,
    "verbose": -1,
    "save_binary": true,
    "seed": 1337,
    "feature_fraction_seed": 1337,
    "bagging_seed": 1337,
    "drop_seed": 1337,
    "data_random_seed": 1337,
    "bagging_fraction": 0.3,
    "bagging_freq": 87,
    "colsample_bytree": 0.32,
    "lambda_l1": 14.8,
    "lambda_l2": 93.60000000000001,
    "max_bin": 250,
    "min_data_in_leaf": 23,
    "min_gain_to_split": 2.04,
    "min_sum_hessian_in_leaf": 6.6000000000000005,
    "num_leaves": 112
  },
  "fit_params": {
    "verbose_eval": false,
    "early_stopping_rounds": 100,
    "num_boost_round": 10000
  },
  "result": {
    "trn_score": 0.9298681583509548,
    "val_score": 0.9007128765131889,
    "best_iteration": 4357,
    "elapsed_time": "1.77 min.",
    "feature_importance_top10": {
      "R_emaildomain": 33449.140897996724,
      "V258": 22077.62195184268,
      "C1_fq_enc": 17419.28514385491,
      "V70": 16511.97510516271,
      "C14": 12750.319724505767,
      "V308": 11429.45265552029,
      "C1": 11107.729143049568,
      "V317": 10507.361612729728,
      "C5_fq_enc": 10137.763724446297,
      "V294": 9566.683994412422
    }
  },
  "trials": {
    "Full": {
      "val_score": 0.9007128765131889
    }
  }
}