{
  "model_params": {
    "objective": "binary",
    "metric": "auc",
    "boosting_type": "gbdt",
    "learning_rate": 0.007,
    "max_depth": -1,
    "is_unbalance": true,
    "boost_from_average": false,
    "verbose": -1,
    "save_binary": true,
    "seed": 1337,
    "feature_fraction_seed": 1337,
    "bagging_seed": 1337,
    "drop_seed": 1337,
    "data_random_seed": 1337,
    "bagging_fraction": 0.76,
    "bagging_freq": 23,
    "colsample_bytree": 0.84,
    "lambda_l1": 23.700000000000003,
    "lambda_l2": 22.6,
    "max_bin": 55,
    "min_data_in_leaf": 59,
    "min_gain_to_split": 1.11,
    "min_sum_hessian_in_leaf": 13.600000000000001,
    "num_leaves": 272
  },
  "fit_params": {
    "verbose_eval": false,
    "early_stopping_rounds": 100,
    "num_boost_round": 10000
  },
  "result": {
    "trn_score": 0.9605848282623913,
    "val_score": 0.9156374343409583,
    "best_iteration": 3283,
    "elapsed_time": "2.67 min.",
    "feature_importance_top10": {
      "V258": 144725.9226849079,
      "R_emaildomain": 112351.7959424518,
      "V294": 73116.64238193631,
      "C14": 70206.81893895753,
      "V70": 49975.05572450161,
      "V308": 49742.73735943693,
      "C1_fq_enc": 42795.49939969927,
      "D2_scaled": 29620.499336846173,
      "C13": 21924.700834049378,
      "C1": 21058.215175473655
    }
  },
  "trials": {
    "Full": {
      "val_score": 0.9156374343409583
    }
  }
}