{
  "model_params": {
    "objective": "binary",
    "metric": "auc",
    "boosting_type": "gbdt",
    "learning_rate": 0.007,
    "max_depth": -1,
    "is_unbalance": true,
    "boost_from_average": false,
    "verbose": -1,
    "save_binary": true,
    "seed": 1337,
    "feature_fraction_seed": 1337,
    "bagging_seed": 1337,
    "drop_seed": 1337,
    "data_random_seed": 1337,
    "bagging_fraction": 0.22,
    "bagging_freq": 33,
    "colsample_bytree": 0.1,
    "lambda_l1": 8.6,
    "lambda_l2": 16.2,
    "max_bin": 385,
    "min_data_in_leaf": 230,
    "min_gain_to_split": 4.7700000000000005,
    "min_sum_hessian_in_leaf": 1.7000000000000002,
    "num_leaves": 512
  },
  "fit_params": {
    "verbose_eval": false,
    "early_stopping_rounds": 100,
    "num_boost_round": 10000
  },
  "result": {
    "trn_score": 0.9106700582247664,
    "val_score": 0.8896822126370324,
    "best_iteration": 3336,
    "elapsed_time": "1.16 min.",
    "feature_importance_top10": {
      "C14": 7465.964217334986,
      "V258": 6064.545162200928,
      "C5": 5721.78295661509,
      "C4": 5491.885771751404,
      "V317": 5481.650647252798,
      "R_emaildomain": 5299.333401352167,
      "C4_fq_enc": 5225.2406522631645,
      "V70": 5110.615305006504,
      "V69": 4843.14156460762,
      "C13": 4808.0637708976865
    }
  },
  "trials": {
    "Full": {
      "val_score": 0.8896822126370324
    }
  }
}