{
  "model_params": {
    "objective": "binary",
    "metric": "auc",
    "boosting_type": "gbdt",
    "learning_rate": 0.007,
    "max_depth": -1,
    "is_unbalance": true,
    "boost_from_average": false,
    "verbose": -1,
    "save_binary": true,
    "seed": 1337,
    "feature_fraction_seed": 1337,
    "bagging_seed": 1337,
    "drop_seed": 1337,
    "data_random_seed": 1337,
    "bagging_fraction": 1.0,
    "bagging_freq": 58,
    "colsample_bytree": 0.75,
    "lambda_l1": 66.0,
    "lambda_l2": 24.6,
    "max_bin": 150,
    "min_data_in_leaf": 69,
    "min_gain_to_split": 0.7000000000000001,
    "min_sum_hessian_in_leaf": 3.8000000000000003,
    "num_leaves": 384
  },
  "fit_params": {
    "verbose_eval": false,
    "early_stopping_rounds": 100,
    "num_boost_round": 10000
  },
  "result": {
    "trn_score": 0.9422156892508243,
    "val_score": 0.9063648263108245,
    "best_iteration": 1338,
    "elapsed_time": "1.99 min.",
    "feature_importance_top10": {
      "V258": 187875.4991361797,
      "R_emaildomain": 135013.42794844508,
      "V294": 82920.78923380375,
      "C14": 82711.28083015978,
      "V308": 65188.603802431375,
      "V70": 53174.55220627785,
      "C1_fq_enc": 52737.85179711599,
      "D2_scaled": 45077.12704042718,
      "C4": 33775.96587151289,
      "C13": 26733.00249696523
    }
  },
  "trials": {
    "Full": {
      "val_score": 0.9063648263108245
    }
  }
}