{
  "model_params": {
    "objective": "binary",
    "metric": "auc",
    "boosting_type": "gbdt",
    "learning_rate": 0.007,
    "max_depth": -1,
    "is_unbalance": true,
    "boost_from_average": false,
    "verbose": -1,
    "save_binary": true,
    "seed": 1337,
    "feature_fraction_seed": 1337,
    "bagging_seed": 1337,
    "drop_seed": 1337,
    "data_random_seed": 1337,
    "bagging_fraction": 0.62,
    "bagging_freq": 98,
    "colsample_bytree": 0.47000000000000003,
    "lambda_l1": 26.900000000000002,
    "lambda_l2": 1.8,
    "max_bin": 200,
    "min_data_in_leaf": 145,
    "min_gain_to_split": 0.29,
    "min_sum_hessian_in_leaf": 9.700000000000001,
    "num_leaves": 416
  },
  "fit_params": {
    "verbose_eval": false,
    "early_stopping_rounds": 100,
    "num_boost_round": 10000
  },
  "result": {
    "trn_score": 0.9636927546107388,
    "val_score": 0.917051913609566,
    "best_iteration": 3137,
    "elapsed_time": "2.80 min.",
    "feature_importance_top10": {
      "V258": 85195.5979641825,
      "R_emaildomain": 63524.530108194915,
      "V70": 38361.916577059776,
      "V294": 37271.566702365875,
      "C1_fq_enc": 36845.223279286176,
      "C14": 34122.827006166684,
      "V317": 27610.76834344864,
      "C13": 24992.332428046502,
      "C14_fq_enc": 21090.17555235699,
      "V308": 20113.302609100938
    }
  },
  "trials": {
    "Full": {
      "val_score": 0.917051913609566
    }
  }
}