{
  "model_params": {
    "objective": "binary",
    "metric": "auc",
    "boosting_type": "gbdt",
    "learning_rate": 0.007,
    "max_depth": -1,
    "is_unbalance": true,
    "boost_from_average": false,
    "verbose": -1,
    "save_binary": true,
    "seed": 1337,
    "feature_fraction_seed": 1337,
    "bagging_seed": 1337,
    "drop_seed": 1337,
    "data_random_seed": 1337,
    "bagging_fraction": 0.96,
    "bagging_freq": 77,
    "colsample_bytree": 0.96,
    "lambda_l1": 20.1,
    "lambda_l2": 11.100000000000001,
    "max_bin": 485,
    "min_data_in_leaf": 1,
    "min_gain_to_split": 4.23,
    "min_sum_hessian_in_leaf": 4.9,
    "num_leaves": 448
  },
  "fit_params": {
    "verbose_eval": false,
    "early_stopping_rounds": 100,
    "num_boost_round": 10000
  },
  "result": {
    "trn_score": 0.9504194049421484,
    "val_score": 0.9103904212647105,
    "best_iteration": 1223,
    "elapsed_time": "2.54 min.",
    "feature_importance_top10": {
      "V258": 212464.31724739075,
      "R_emaildomain": 113192.16960595374,
      "V70": 98025.67087023659,
      "C14": 97807.83960671723,
      "V294": 93194.42353405431,
      "C1_fq_enc": 60620.48764522374,
      "V308": 52359.99630741775,
      "D2_scaled": 47342.04082325101,
      "C4": 30013.85099428892,
      "C11": 20820.90095973015
    }
  },
  "trials": {
    "Full": {
      "val_score": 0.9103904212647105
    }
  }
}