{
  "model_params": {
    "objective": "binary",
    "metric": "auc",
    "boosting_type": "gbdt",
    "learning_rate": 0.007,
    "max_depth": -1,
    "is_unbalance": true,
    "boost_from_average": false,
    "verbose": -1,
    "save_binary": true,
    "seed": 1337,
    "feature_fraction_seed": 1337,
    "bagging_seed": 1337,
    "drop_seed": 1337,
    "data_random_seed": 1337,
    "bagging_fraction": 0.9,
    "bagging_freq": 69,
    "colsample_bytree": 0.87,
    "lambda_l1": 2.2,
    "lambda_l2": 96.10000000000001,
    "max_bin": 395,
    "min_data_in_leaf": 221,
    "min_gain_to_split": 2.5100000000000002,
    "min_sum_hessian_in_leaf": 1.2000000000000002,
    "num_leaves": 80
  },
  "fit_params": {
    "verbose_eval": false,
    "early_stopping_rounds": 100,
    "num_boost_round": 10000
  },
  "result": {
    "trn_score": 0.9645963762248979,
    "val_score": 0.9157560460731579,
    "best_iteration": 2069,
    "elapsed_time": "3.16 min.",
    "feature_importance_top10": {
      "R_emaildomain": 166797.2759624794,
      "V258": 160903.15127646923,
      "C14": 101697.63975289464,
      "V294": 95322.7901763916,
      "C1_fq_enc": 78367.16403985955,
      "V308": 68959.94438879192,
      "D2_scaled": 40724.999671857804,
      "V70": 35247.87239921093,
      "C13": 28815.00157597661,
      "C4": 26367.235699295998
    }
  },
  "trials": {
    "Full": {
      "val_score": 0.9157560460731579
    }
  }
}