{
  "model_params": {
    "objective": "binary",
    "metric": "auc",
    "boosting_type": "gbdt",
    "learning_rate": 0.007,
    "max_depth": -1,
    "is_unbalance": true,
    "boost_from_average": false,
    "verbose": -1,
    "save_binary": true,
    "seed": 1337,
    "feature_fraction_seed": 1337,
    "bagging_seed": 1337,
    "drop_seed": 1337,
    "data_random_seed": 1337,
    "bagging_fraction": 0.66,
    "bagging_freq": 46,
    "colsample_bytree": 0.8200000000000001,
    "lambda_l1": 21.900000000000002,
    "lambda_l2": 37.7,
    "max_bin": 460,
    "min_data_in_leaf": 158,
    "min_gain_to_split": 1.74,
    "min_sum_hessian_in_leaf": 5.7,
    "num_leaves": 224
  },
  "fit_params": {
    "verbose_eval": false,
    "early_stopping_rounds": 100,
    "num_boost_round": 10000
  },
  "result": {
    "trn_score": 0.9508498401101875,
    "val_score": 0.9113652478195898,
    "best_iteration": 3020,
    "elapsed_time": "3.13 min.",
    "feature_importance_top10": {
      "V258": 114221.91340894997,
      "R_emaildomain": 111359.05664471537,
      "V294": 74017.36775970459,
      "C14": 61731.496923976054,
      "C1_fq_enc": 50909.05610156711,
      "V308": 37814.44710719772,
      "D2_scaled": 26242.743123970926,
      "C13": 21465.285571672022,
      "V70": 20944.836838006973,
      "C4": 17569.525993347168
    }
  },
  "trials": {
    "Full": {
      "val_score": 0.9113652478195898
    }
  }
}