{
  "model_params": {
    "objective": "binary",
    "metric": "auc",
    "boosting_type": "gbdt",
    "learning_rate": 0.007,
    "max_depth": -1,
    "is_unbalance": true,
    "boost_from_average": false,
    "verbose": -1,
    "save_binary": true,
    "seed": 1337,
    "feature_fraction_seed": 1337,
    "bagging_seed": 1337,
    "drop_seed": 1337,
    "data_random_seed": 1337,
    "bagging_fraction": 0.93,
    "bagging_freq": 41,
    "colsample_bytree": 0.71,
    "lambda_l1": 51.800000000000004,
    "lambda_l2": 4.2,
    "max_bin": 445,
    "min_data_in_leaf": 7,
    "min_gain_to_split": 2.34,
    "min_sum_hessian_in_leaf": 7.5,
    "num_leaves": 736
  },
  "fit_params": {
    "verbose_eval": false,
    "early_stopping_rounds": 100,
    "num_boost_round": 10000
  },
  "result": {
    "trn_score": 0.9389713069014081,
    "val_score": 0.9053062418370856,
    "best_iteration": 1249,
    "elapsed_time": "2.15 min.",
    "feature_importance_top10": {
      "V258": 184804.15108561516,
      "R_emaildomain": 114335.07717881724,
      "V294": 74940.8591684699,
      "C14": 72347.78704661131,
      "V70": 60935.12738120556,
      "C1_fq_enc": 54167.52207317576,
      "V308": 53670.74115550518,
      "D2_scaled": 36628.36249007657,
      "C4": 26093.507592082024,
      "C13": 24597.355300377123
    }
  },
  "trials": {
    "Full": {
      "val_score": 0.9053062418370856
    }
  }
}