{
  "model_params": {
    "objective": "binary",
    "metric": "auc",
    "boosting_type": "gbdt",
    "learning_rate": 0.007,
    "max_depth": -1,
    "is_unbalance": true,
    "boost_from_average": false,
    "verbose": -1,
    "save_binary": true,
    "seed": 1337,
    "feature_fraction_seed": 1337,
    "bagging_seed": 1337,
    "drop_seed": 1337,
    "data_random_seed": 1337,
    "bagging_fraction": 0.07,
    "bagging_freq": 89,
    "colsample_bytree": 0.66,
    "lambda_l1": 61.7,
    "lambda_l2": 13.100000000000001,
    "max_bin": 405,
    "min_data_in_leaf": 37,
    "min_gain_to_split": 0.2,
    "min_sum_hessian_in_leaf": 12.100000000000001,
    "num_leaves": 672
  },
  "fit_params": {
    "verbose_eval": false,
    "early_stopping_rounds": 100,
    "num_boost_round": 10000
  },
  "result": {
    "trn_score": 0.8608857532943884,
    "val_score": 0.854284967370394,
    "best_iteration": 567,
    "elapsed_time": "0.39 min.",
    "feature_importance_top10": {
      "V34": 3358.101490020752,
      "C1_fq_enc": 3041.9010949134827,
      "V308": 3007.056052595377,
      "C5": 2264.7593529224396,
      "uid4_D11_mean": 2036.9752979278564,
      "V317": 1566.690404462628,
      "V29": 1452.0768364071846,
      "C11": 1336.5594949312508,
      "C13": 1263.0865297298878,
      "D2_scaled": 1095.7953100055456
    }
  },
  "trials": {
    "Full": {
      "val_score": 0.854284967370394
    }
  }
}