{
  "model_params": {
    "objective": "binary",
    "metric": "auc",
    "boosting_type": "gbdt",
    "learning_rate": 0.007,
    "max_depth": -1,
    "is_unbalance": true,
    "boost_from_average": false,
    "verbose": -1,
    "save_binary": true,
    "seed": 1337,
    "feature_fraction_seed": 1337,
    "bagging_seed": 1337,
    "drop_seed": 1337,
    "data_random_seed": 1337,
    "bagging_fraction": 0.5,
    "bagging_freq": 18,
    "colsample_bytree": 0.89,
    "lambda_l1": 83.9,
    "lambda_l2": 15.0,
    "max_bin": 365,
    "min_data_in_leaf": 128,
    "min_gain_to_split": 1.67,
    "min_sum_hessian_in_leaf": 5.300000000000001,
    "num_leaves": 816
  },
  "fit_params": {
    "verbose_eval": false,
    "early_stopping_rounds": 100,
    "num_boost_round": 10000
  },
  "result": {
    "trn_score": 0.9092067442553765,
    "val_score": 0.887643348366699,
    "best_iteration": 1144,
    "elapsed_time": "1.26 min.",
    "feature_importance_top10": {
      "R_emaildomain": 66648.07701408863,
      "C1_fq_enc": 59197.14826704387,
      "V258": 44227.20775461197,
      "V70": 33461.18622279167,
      "V294": 32241.75951218605,
      "C14": 30552.96738191694,
      "V308": 29703.92880988121,
      "C5": 20859.10881176591,
      "V91": 19186.180746495724,
      "D2_scaled": 17135.63366098702
    }
  },
  "trials": {
    "Full": {
      "val_score": 0.887643348366699
    }
  }
}