{
  "model_params": {
    "objective": "binary",
    "metric": "auc",
    "boosting_type": "gbdt",
    "learning_rate": 0.007,
    "max_depth": -1,
    "is_unbalance": true,
    "boost_from_average": false,
    "verbose": -1,
    "save_binary": true,
    "seed": 1337,
    "feature_fraction_seed": 1337,
    "bagging_seed": 1337,
    "drop_seed": 1337,
    "data_random_seed": 1337,
    "bagging_fraction": 0.56,
    "bagging_freq": 91,
    "colsample_bytree": 0.6,
    "lambda_l1": 31.400000000000002,
    "lambda_l2": 29.8,
    "max_bin": 135,
    "min_data_in_leaf": 104,
    "min_gain_to_split": 3.16,
    "min_sum_hessian_in_leaf": 8.6,
    "num_leaves": 352
  },
  "fit_params": {
    "verbose_eval": false,
    "early_stopping_rounds": 100,
    "num_boost_round": 10000
  },
  "result": {
    "trn_score": 0.9245535666289563,
    "val_score": 0.8973693241624707,
    "best_iteration": 1831,
    "elapsed_time": "1.14 min.",
    "feature_importance_top10": {
      "V258": 85748.23563402146,
      "R_emaildomain": 73438.45349264145,
      "C14": 41589.14633012563,
      "V308": 37538.81486059725,
      "V70": 36473.760058403015,
      "V294": 32879.72791957855,
      "C1_fq_enc": 30892.64951102808,
      "C1": 17164.43717136979,
      "D2_scaled": 14500.086124897003,
      "C4": 13984.538338541985
    }
  },
  "trials": {
    "Full": {
      "val_score": 0.8973693241624707
    }
  }
}