{
  "model_params": {
    "objective": "binary",
    "metric": "auc",
    "boosting_type": "gbdt",
    "learning_rate": 0.007,
    "max_depth": -1,
    "is_unbalance": true,
    "boost_from_average": false,
    "verbose": -1,
    "save_binary": true,
    "seed": 1337,
    "feature_fraction_seed": 1337,
    "bagging_seed": 1337,
    "drop_seed": 1337,
    "data_random_seed": 1337,
    "bagging_fraction": 0.16,
    "bagging_freq": 94,
    "colsample_bytree": 0.12,
    "lambda_l1": 38.300000000000004,
    "lambda_l2": 4.7,
    "max_bin": 170,
    "min_data_in_leaf": 11,
    "min_gain_to_split": 2.18,
    "min_sum_hessian_in_leaf": 19.6,
    "num_leaves": 880
  },
  "fit_params": {
    "verbose_eval": false,
    "early_stopping_rounds": 100,
    "num_boost_round": 10000
  },
  "result": {
    "trn_score": 0.8865789207345358,
    "val_score": 0.8747728300187905,
    "best_iteration": 1052,
    "elapsed_time": "0.92 min.",
    "feature_importance_top10": {
      "V258": 6517.127367556095,
      "R_emaildomain": 5327.215020149946,
      "C1_fq_enc": 4984.30428314954,
      "V70": 3987.298704624176,
      "V317": 3727.154982805252,
      "C14": 3668.092915073037,
      "C4_fq_enc": 3628.565597295761,
      "C5": 3355.0882301330566,
      "V34": 3113.917999267578,
      "uid4_D10_std": 3062.6159691512585
    }
  },
  "trials": {
    "Full": {
      "val_score": 0.8747728300187905
    }
  }
}