{
  "model_params": {
    "objective": "binary",
    "metric": "auc",
    "boosting_type": "gbdt",
    "learning_rate": 0.007,
    "max_depth": -1,
    "is_unbalance": true,
    "boost_from_average": false,
    "verbose": -1,
    "save_binary": true,
    "seed": 1337,
    "feature_fraction_seed": 1337,
    "bagging_seed": 1337,
    "drop_seed": 1337,
    "data_random_seed": 1337,
    "bagging_fraction": 0.92,
    "bagging_freq": 88,
    "colsample_bytree": 0.31,
    "lambda_l1": 68.4,
    "lambda_l2": 17.0,
    "max_bin": 415,
    "min_data_in_leaf": 199,
    "min_gain_to_split": 2.08,
    "min_sum_hessian_in_leaf": 6.9,
    "num_leaves": 512
  },
  "fit_params": {
    "verbose_eval": false,
    "early_stopping_rounds": 100,
    "num_boost_round": 10000
  },
  "result": {
    "trn_score": 0.9230115495243603,
    "val_score": 0.8961504315168048,
    "best_iteration": 1558,
    "elapsed_time": "1.12 min.",
    "feature_importance_top10": {
      "V258": 87863.86920113862,
      "R_emaildomain": 87214.16910164058,
      "V70": 60090.71775017679,
      "C1_fq_enc": 40525.182736337185,
      "V294": 35577.82395076752,
      "C14": 34632.27653972525,
      "V317": 32216.87554630637,
      "V308": 32015.859435021877,
      "C1": 30655.339920461178,
      "C13": 29246.372490733862
    }
  },
  "trials": {
    "Full": {
      "val_score": 0.8961504315168048
    }
  }
}