{
  "model_params": {
    "objective": "binary",
    "metric": "auc",
    "boosting_type": "gbdt",
    "learning_rate": 0.007,
    "max_depth": -1,
    "is_unbalance": true,
    "boost_from_average": false,
    "verbose": -1,
    "save_binary": true,
    "seed": 1337,
    "feature_fraction_seed": 1337,
    "bagging_seed": 1337,
    "drop_seed": 1337,
    "data_random_seed": 1337,
    "bagging_fraction": 0.9400000000000001,
    "bagging_freq": 55,
    "colsample_bytree": 0.07,
    "lambda_l1": 34.6,
    "lambda_l2": 36.1,
    "max_bin": 310,
    "min_data_in_leaf": 76,
    "min_gain_to_split": 1.33,
    "min_sum_hessian_in_leaf": 12.9,
    "num_leaves": 304
  },
  "fit_params": {
    "verbose_eval": false,
    "early_stopping_rounds": 100,
    "num_boost_round": 10000
  },
  "result": {
    "trn_score": 0.9400090790778209,
    "val_score": 0.9064888875598475,
    "best_iteration": 4083,
    "elapsed_time": "1.48 min.",
    "feature_importance_top10": {
      "R_emaildomain": 36759.41210187599,
      "V69": 26907.56328624487,
      "C8": 26244.328748703003,
      "C4": 24904.239941835403,
      "C13": 22549.94719414413,
      "V258": 22304.525847040117,
      "V257": 21491.127149134874,
      "C5_fq_enc": 21194.212425738573,
      "C14": 20796.497719238512,
      "C14_fq_enc": 19697.005368020386
    }
  },
  "trials": {
    "Full": {
      "val_score": 0.9064888875598475
    }
  }
}