{
  "model_params": {
    "objective": "binary",
    "metric": "auc",
    "boosting_type": "gbdt",
    "learning_rate": 0.007,
    "max_depth": -1,
    "is_unbalance": true,
    "boost_from_average": false,
    "verbose": -1,
    "save_binary": true,
    "seed": 1337,
    "feature_fraction_seed": 1337,
    "bagging_seed": 1337,
    "drop_seed": 1337,
    "data_random_seed": 1337,
    "bagging_fraction": 0.81,
    "bagging_freq": 39,
    "colsample_bytree": 0.78,
    "lambda_l1": 50.0,
    "lambda_l2": 61.800000000000004,
    "max_bin": 260,
    "min_data_in_leaf": 40,
    "min_gain_to_split": 4.49,
    "min_sum_hessian_in_leaf": 5.9,
    "num_leaves": 640
  },
  "fit_params": {
    "verbose_eval": false,
    "early_stopping_rounds": 100,
    "num_boost_round": 10000
  },
  "result": {
    "trn_score": 0.9238528398659961,
    "val_score": 0.8969290717411494,
    "best_iteration": 1300,
    "elapsed_time": "1.39 min.",
    "feature_importance_top10": {
      "V258": 136590.2283643484,
      "R_emaildomain": 120796.46812492609,
      "C14": 61364.658007740974,
      "V294": 60993.92758747935,
      "V308": 57077.54267144203,
      "C1_fq_enc": 50371.20201884955,
      "V70": 38144.25147983432,
      "D2_scaled": 29273.948590636253,
      "C4": 26802.322758615017,
      "V91": 19654.927403211594
    }
  },
  "trials": {
    "Full": {
      "val_score": 0.8969290717411494
    }
  }
}