{
  "model_params": {
    "objective": "binary",
    "metric": "auc",
    "boosting_type": "gbdt",
    "learning_rate": 0.007,
    "max_depth": -1,
    "is_unbalance": true,
    "boost_from_average": false,
    "verbose": -1,
    "save_binary": true,
    "seed": 1337,
    "feature_fraction_seed": 1337,
    "bagging_seed": 1337,
    "drop_seed": 1337,
    "data_random_seed": 1337,
    "bagging_fraction": 0.99,
    "bagging_freq": 96,
    "colsample_bytree": 0.77,
    "lambda_l1": 2.9000000000000004,
    "lambda_l2": 7.1000000000000005,
    "max_bin": 335,
    "min_data_in_leaf": 24,
    "min_gain_to_split": 0.78,
    "min_sum_hessian_in_leaf": 2.6,
    "num_leaves": 368
  },
  "fit_params": {
    "verbose_eval": false,
    "early_stopping_rounds": 100,
    "num_boost_round": 10000
  },
  "result": {
    "trn_score": 0.9984114422552145,
    "val_score": 0.9325691240851182,
    "best_iteration": 1598,
    "elapsed_time": "5.85 min.",
    "feature_importance_top10": {
      "V258": 235374.95045284927,
      "R_emaildomain": 120909.26566366106,
      "V70": 113661.25935083628,
      "V294": 100933.31221061945,
      "C14": 87694.85543868691,
      "C1_fq_enc": 55234.08348165732,
      "D2_scaled": 47491.49964492023,
      "C13": 37533.085016881116,
      "V308": 37022.60679331422,
      "C1": 31610.590831653913
    }
  },
  "trials": {
    "Full": {
      "val_score": 0.9325691240851182
    }
  }
}