{
  "model_params": {
    "objective": "binary",
    "metric": "auc",
    "boosting_type": "gbdt",
    "learning_rate": 0.007,
    "max_depth": -1,
    "is_unbalance": true,
    "boost_from_average": false,
    "verbose": -1,
    "save_binary": true,
    "seed": 1337,
    "feature_fraction_seed": 1337,
    "bagging_seed": 1337,
    "drop_seed": 1337,
    "data_random_seed": 1337,
    "bagging_fraction": 0.96,
    "bagging_freq": 95,
    "colsample_bytree": 0.76,
    "lambda_l1": 2.7,
    "lambda_l2": 7.800000000000001,
    "max_bin": 335,
    "min_data_in_leaf": 21,
    "min_gain_to_split": 0.55,
    "min_sum_hessian_in_leaf": 2.9000000000000004,
    "num_leaves": 368
  },
  "fit_params": {
    "verbose_eval": false,
    "early_stopping_rounds": 100,
    "num_boost_round": 10000
  },
  "result": {
    "trn_score": 0.9994520491472407,
    "val_score": 0.9331083655082044,
    "best_iteration": 2023,
    "elapsed_time": "6.51 min.",
    "feature_importance_top10": {
      "V258": 228774.98228685558,
      "V70": 120446.00423492491,
      "R_emaildomain": 120082.48449517787,
      "V294": 86976.28844770789,
      "C14": 85630.5929465266,
      "C1_fq_enc": 57749.63161390647,
      "D2_scaled": 47259.727338141296,
      "V308": 39140.7053951025,
      "C1": 30164.807901939377,
      "C13": 29393.24332854601
    }
  },
  "trials": {
    "Full": {
      "val_score": 0.9331083655082044
    }
  }
}