{
  "model_params": {
    "objective": "binary",
    "metric": "auc",
    "boosting_type": "gbdt",
    "learning_rate": 0.007,
    "max_depth": -1,
    "is_unbalance": true,
    "boost_from_average": false,
    "verbose": -1,
    "save_binary": true,
    "seed": 1337,
    "feature_fraction_seed": 1337,
    "bagging_seed": 1337,
    "drop_seed": 1337,
    "data_random_seed": 1337,
    "bagging_fraction": 0.96,
    "bagging_freq": 97,
    "colsample_bytree": 0.34,
    "lambda_l1": 5.1000000000000005,
    "lambda_l2": 7.4,
    "max_bin": 340,
    "min_data_in_leaf": 17,
    "min_gain_to_split": 0.15,
    "min_sum_hessian_in_leaf": 2.9000000000000004,
    "num_leaves": 288
  },
  "fit_params": {
    "verbose_eval": false,
    "early_stopping_rounds": 100,
    "num_boost_round": 10000
  },
  "result": {
    "trn_score": 0.9998074471524991,
    "val_score": 0.9341565985074031,
    "best_iteration": 2737,
    "elapsed_time": "10.38 min.",
    "feature_importance_top10": {
      "V258": 137151.12882104516,
      "R_emaildomain": 103990.79787483625,
      "V70": 65980.04288995266,
      "C1_fq_enc": 48549.35139891412,
      "C14": 46800.69879890606,
      "V317": 38164.10261590779,
      "V294": 37032.20310634747,
      "C13": 36760.53849740047,
      "C1": 35532.63077487564,
      "D2_scaled": 33007.712017886224
    }
  },
  "trials": {
    "Full": {
      "val_score": 0.9341565985074031
    }
  }
}