{
  "model_params": {
    "objective": "binary",
    "metric": "auc",
    "boosting_type": "gbdt",
    "learning_rate": 0.007,
    "max_depth": -1,
    "is_unbalance": true,
    "boost_from_average": false,
    "verbose": -1,
    "save_binary": true,
    "seed": 1337,
    "feature_fraction_seed": 1337,
    "bagging_seed": 1337,
    "drop_seed": 1337,
    "data_random_seed": 1337,
    "bagging_fraction": 0.96,
    "bagging_freq": 100,
    "colsample_bytree": 0.35000000000000003,
    "lambda_l1": 12.700000000000001,
    "lambda_l2": 26.1,
    "max_bin": 350,
    "min_data_in_leaf": 6,
    "min_gain_to_split": 0.3,
    "min_sum_hessian_in_leaf": 1.5,
    "num_leaves": 320
  },
  "fit_params": {
    "verbose_eval": false,
    "early_stopping_rounds": 100,
    "num_boost_round": 10000
  },
  "result": {
    "trn_score": 0.9932972938262384,
    "val_score": 0.9291595107768721,
    "best_iteration": 3408,
    "elapsed_time": "5.25 min.",
    "feature_importance_top10": {
      "V258": 135210.10363814048,
      "R_emaildomain": 105949.4203773709,
      "V70": 59959.12849962711,
      "C14": 50962.80300018063,
      "C1_fq_enc": 44638.38958890829,
      "V317": 39813.509302556515,
      "C13": 36037.03145759972,
      "V294": 35671.33754103631,
      "V308": 32767.134932346642,
      "C1": 32700.341663899948
    }
  },
  "trials": {
    "Full": {
      "val_score": 0.9291595107768721
    }
  }
}