{
  "model_params": {
    "objective": "binary",
    "metric": "auc",
    "boosting_type": "gbdt",
    "learning_rate": 0.007,
    "max_depth": -1,
    "is_unbalance": true,
    "boost_from_average": false,
    "verbose": -1,
    "save_binary": true,
    "seed": 1337,
    "feature_fraction_seed": 1337,
    "bagging_seed": 1337,
    "drop_seed": 1337,
    "data_random_seed": 1337,
    "bagging_fraction": 0.91,
    "bagging_freq": 98,
    "colsample_bytree": 0.29,
    "lambda_l1": 4.2,
    "lambda_l2": 19.8,
    "max_bin": 325,
    "min_data_in_leaf": 11,
    "min_gain_to_split": 0.13,
    "min_sum_hessian_in_leaf": 5.0,
    "num_leaves": 288
  },
  "fit_params": {
    "verbose_eval": false,
    "early_stopping_rounds": 100,
    "num_boost_round": 10000
  },
  "result": {
    "trn_score": 0.9996485114994362,
    "val_score": 0.933793920684417,
    "best_iteration": 3059,
    "elapsed_time": "5.93 min.",
    "feature_importance_top10": {
      "V258": 106500.58720304444,
      "R_emaildomain": 99864.87709889561,
      "V70": 57890.16117898375,
      "C1_fq_enc": 46985.52527524624,
      "C14": 45226.46666971805,
      "V317": 35791.06032822095,
      "V294": 34203.717065485194,
      "C13": 33455.34850083955,
      "D2_scaled": 29414.43779292429,
      "C1": 27533.57499429607
    }
  },
  "trials": {
    "Full": {
      "val_score": 0.933793920684417
    }
  }
}