{
  "model_params": {
    "objective": "binary",
    "metric": "auc",
    "boosting_type": "gbdt",
    "learning_rate": 0.007,
    "max_depth": -1,
    "is_unbalance": true,
    "boost_from_average": false,
    "verbose": -1,
    "save_binary": true,
    "seed": 1337,
    "feature_fraction_seed": 1337,
    "bagging_seed": 1337,
    "drop_seed": 1337,
    "data_random_seed": 1337,
    "bagging_fraction": 0.9500000000000001,
    "bagging_freq": 86,
    "colsample_bytree": 0.26,
    "lambda_l1": 6.300000000000001,
    "lambda_l2": 16.5,
    "max_bin": 360,
    "min_data_in_leaf": 31,
    "min_gain_to_split": 0.55,
    "min_sum_hessian_in_leaf": 5.1000000000000005,
    "num_leaves": 336
  },
  "fit_params": {
    "verbose_eval": false,
    "early_stopping_rounds": 100,
    "num_boost_round": 10000
  },
  "result": {
    "trn_score": 0.9943929779762631,
    "val_score": 0.9305533615942371,
    "best_iteration": 2593,
    "elapsed_time": "3.14 min.",
    "feature_importance_top10": {
      "V258": 85584.61715100706,
      "R_emaildomain": 78757.7916589526,
      "V70": 57057.721369072795,
      "C14": 45723.68041250715,
      "C13": 40792.346988026984,
      "V257": 35484.45923547447,
      "V69": 34823.68433606019,
      "C1_fq_enc": 33186.89487972623,
      "C1": 29231.136363439728,
      "V317": 29123.451802655123
    }
  },
  "trials": {
    "Full": {
      "val_score": 0.9305533615942371
    }
  }
}