{
  "model_params": {
    "objective": "binary",
    "metric": "auc",
    "boosting_type": "gbdt",
    "learning_rate": 0.007,
    "max_depth": -1,
    "is_unbalance": true,
    "boost_from_average": false,
    "verbose": -1,
    "save_binary": true,
    "seed": 1337,
    "feature_fraction_seed": 1337,
    "bagging_seed": 1337,
    "drop_seed": 1337,
    "data_random_seed": 1337,
    "bagging_fraction": 0.8300000000000001,
    "bagging_freq": 81,
    "colsample_bytree": 0.2,
    "lambda_l1": 23.400000000000002,
    "lambda_l2": 42.300000000000004,
    "max_bin": 280,
    "min_data_in_leaf": 8,
    "min_gain_to_split": 0.21,
    "min_sum_hessian_in_leaf": 4.3,
    "num_leaves": 480
  },
  "fit_params": {
    "verbose_eval": false,
    "early_stopping_rounds": 100,
    "num_boost_round": 10000
  },
  "result": {
    "trn_score": 0.9782489381075758,
    "val_score": 0.9222169120163553,
    "best_iteration": 3981,
    "elapsed_time": "3.87 min.",
    "feature_importance_top10": {
      "R_emaildomain": 71315.00119607896,
      "V258": 61317.17666229978,
      "V70": 47103.04585557617,
      "C1_fq_enc": 33690.51987557672,
      "C14": 32761.305746180937,
      "V257": 27318.433536216617,
      "C13": 25074.17029285198,
      "C1": 23470.210990610998,
      "V69": 22085.216835081577,
      "V294": 21743.729958236217
    }
  },
  "trials": {
    "Full": {
      "val_score": 0.9222169120163553
    }
  }
}