{
  "model_params": {
    "objective": "binary",
    "metric": "auc",
    "boosting_type": "gbdt",
    "learning_rate": 0.007,
    "max_depth": -1,
    "is_unbalance": true,
    "boost_from_average": false,
    "verbose": -1,
    "save_binary": true,
    "seed": 1337,
    "feature_fraction_seed": 1337,
    "bagging_seed": 1337,
    "drop_seed": 1337,
    "data_random_seed": 1337,
    "bagging_fraction": 0.64,
    "bagging_freq": 90,
    "colsample_bytree": 0.01,
    "lambda_l1": 80.80000000000001,
    "lambda_l2": 21.3,
    "max_bin": 345,
    "min_data_in_leaf": 44,
    "min_gain_to_split": 0.5,
    "min_sum_hessian_in_leaf": 3.3000000000000003,
    "num_leaves": 176
  },
  "fit_params": {
    "verbose_eval": false,
    "early_stopping_rounds": 100,
    "num_boost_round": 10000
  },
  "result": {
    "trn_score": 0.8985583379975987,
    "val_score": 0.878847127934034,
    "best_iteration": 9998,
    "elapsed_time": "2.08 min.",
    "feature_importance_top10": {
      "C14": 10218.229476325214,
      "V70": 8001.70937057503,
      "C14_fq_enc": 7945.383021093905,
      "V30": 7504.716562721878,
      "C13_fq_enc": 7464.427540819073,
      "C13": 6395.624027118087,
      "C4": 6308.410434452817,
      "V69": 6301.632249824703,
      "C7_fq_enc": 6209.855041462928,
      "V318": 5774.248822063208
    }
  },
  "trials": {
    "Full": {
      "val_score": 0.878847127934034
    }
  }
}