{
  "model_params": {
    "objective": "binary",
    "metric": "auc",
    "boosting_type": "gbdt",
    "learning_rate": 0.007,
    "max_depth": -1,
    "is_unbalance": true,
    "boost_from_average": false,
    "verbose": -1,
    "save_binary": true,
    "seed": 1337,
    "feature_fraction_seed": 1337,
    "bagging_seed": 1337,
    "drop_seed": 1337,
    "data_random_seed": 1337,
    "bagging_fraction": 0.91,
    "bagging_freq": 97,
    "colsample_bytree": 0.22,
    "lambda_l1": 26.1,
    "lambda_l2": 33.2,
    "max_bin": 385,
    "min_data_in_leaf": 27,
    "min_gain_to_split": 0.67,
    "min_sum_hessian_in_leaf": 7.800000000000001,
    "num_leaves": 32
  },
  "fit_params": {
    "verbose_eval": false,
    "early_stopping_rounds": 100,
    "num_boost_round": 10000
  },
  "result": {
    "trn_score": 0.958631686475154,
    "val_score": 0.9164435940665273,
    "best_iteration": 4013,
    "elapsed_time": "5.13 min.",
    "feature_importance_top10": {
      "R_emaildomain": 70734.79015782475,
      "V258": 67568.95578050613,
      "C14": 44136.78651752975,
      "V70": 40342.20514345169,
      "C13": 32682.160308585502,
      "V257": 32108.06445789337,
      "V69": 30538.881769657135,
      "C1_fq_enc": 30511.503719121218,
      "V317": 28066.736060023308,
      "V308": 27373.702641529613
    }
  },
  "trials": {
    "Full": {
      "val_score": 0.9164435940665273
    }
  }
}