{
  "model_params": {
    "objective": "binary",
    "metric": "auc",
    "boosting_type": "gbdt",
    "learning_rate": 0.007,
    "max_depth": -1,
    "is_unbalance": true,
    "boost_from_average": false,
    "verbose": -1,
    "save_binary": true,
    "seed": 1337,
    "feature_fraction_seed": 1337,
    "bagging_seed": 1337,
    "drop_seed": 1337,
    "data_random_seed": 1337,
    "bagging_fraction": 0.62,
    "bagging_freq": 92,
    "colsample_bytree": 0.31,
    "lambda_l1": 5.6000000000000005,
    "lambda_l2": 29.900000000000002,
    "max_bin": 320,
    "min_data_in_leaf": 84,
    "min_gain_to_split": 0.87,
    "min_sum_hessian_in_leaf": 11.0,
    "num_leaves": 768
  },
  "fit_params": {
    "verbose_eval": false,
    "early_stopping_rounds": 100,
    "num_boost_round": 10000
  },
  "result": {
    "trn_score": 0.985367025908044,
    "val_score": 0.9244435816104889,
    "best_iteration": 3551,
    "elapsed_time": "5.10 min.",
    "feature_importance_top10": {
      "R_emaildomain": 68762.50284106331,
      "V258": 64220.963018387556,
      "C14": 38114.62030063011,
      "C1_fq_enc": 37948.29932885431,
      "V70": 37412.30290400982,
      "V317": 29093.142737567425,
      "V294": 24060.307185143232,
      "V257": 21679.1584199965,
      "C13": 21233.34056466847,
      "C14_fq_enc": 18038.456628717482
    }
  },
  "trials": {
    "Full": {
      "val_score": 0.9244435816104889
    }
  }
}