{
  "model_params": {
    "objective": "binary",
    "metric": "auc",
    "boosting_type": "gbdt",
    "learning_rate": 0.007,
    "max_depth": -1,
    "is_unbalance": true,
    "boost_from_average": false,
    "verbose": -1,
    "save_binary": true,
    "seed": 1337,
    "feature_fraction_seed": 1337,
    "bagging_seed": 1337,
    "drop_seed": 1337,
    "data_random_seed": 1337,
    "bagging_fraction": 0.28,
    "bagging_freq": 11,
    "colsample_bytree": 0.46,
    "lambda_l1": 7.4,
    "lambda_l2": 52.900000000000006,
    "max_bin": 375,
    "min_data_in_leaf": 33,
    "min_gain_to_split": 0.72,
    "min_sum_hessian_in_leaf": 11.9,
    "num_leaves": 96
  },
  "fit_params": {
    "verbose_eval": false,
    "early_stopping_rounds": 100,
    "num_boost_round": 10000
  },
  "result": {
    "trn_score": 0.9672880799484358,
    "val_score": 0.9162917190498212,
    "best_iteration": 4463,
    "elapsed_time": "2.91 min.",
    "feature_importance_top10": {
      "R_emaildomain": 28124.448287948966,
      "V258": 22313.79803859163,
      "C14": 19932.84070261568,
      "C1_fq_enc": 18709.841214801185,
      "V70": 14858.974286407232,
      "V317": 14037.65461730212,
      "V308": 12125.050396315753,
      "C13": 10688.35908900178,
      "V294": 9366.763208270073,
      "D2_scaled": 9281.205183524056
    }
  },
  "trials": {
    "Full": {
      "val_score": 0.9162917190498212
    }
  }
}