{
  "model_params": {
    "objective": "binary",
    "metric": "auc",
    "boosting_type": "gbdt",
    "learning_rate": 0.007,
    "max_depth": -1,
    "is_unbalance": true,
    "boost_from_average": false,
    "verbose": -1,
    "save_binary": true,
    "seed": 1337,
    "feature_fraction_seed": 1337,
    "bagging_seed": 1337,
    "drop_seed": 1337,
    "data_random_seed": 1337,
    "bagging_fraction": 0.93,
    "bagging_freq": 100,
    "colsample_bytree": 0.25,
    "lambda_l1": 28.700000000000003,
    "lambda_l2": 9.8,
    "max_bin": 400,
    "min_data_in_leaf": 153,
    "min_gain_to_split": 0.58,
    "min_sum_hessian_in_leaf": 9.4,
    "num_leaves": 256
  },
  "fit_params": {
    "verbose_eval": false,
    "early_stopping_rounds": 100,
    "num_boost_round": 10000
  },
  "result": {
    "trn_score": 0.9614410487556766,
    "val_score": 0.9168539058069008,
    "best_iteration": 2895,
    "elapsed_time": "1.96 min.",
    "feature_importance_top10": {
      "V258": 81105.63287955523,
      "R_emaildomain": 78914.19053956214,
      "V70": 58477.584741435945,
      "C14": 38608.217803453095,
      "C1_fq_enc": 38036.43919258937,
      "C13": 36467.68534939736,
      "V294": 35591.68788610399,
      "V91": 32944.00468465686,
      "V257": 32689.155059814453,
      "C14_fq_enc": 29322.03776600957
    }
  },
  "trials": {
    "Full": {
      "val_score": 0.9168539058069008
    }
  }
}