{
  "model_params": {
    "objective": "binary",
    "metric": "auc",
    "boosting_type": "gbdt",
    "learning_rate": 0.007,
    "max_depth": -1,
    "is_unbalance": true,
    "boost_from_average": false,
    "verbose": -1,
    "save_binary": true,
    "seed": 1337,
    "feature_fraction_seed": 1337,
    "bagging_seed": 1337,
    "drop_seed": 1337,
    "data_random_seed": 1337,
    "bagging_fraction": 1.0,
    "bagging_freq": 84,
    "colsample_bytree": 0.29,
    "lambda_l1": 21.0,
    "lambda_l2": 14.600000000000001,
    "max_bin": 300,
    "min_data_in_leaf": 77,
    "min_gain_to_split": 0.44,
    "min_sum_hessian_in_leaf": 8.5,
    "num_leaves": 400
  },
  "fit_params": {
    "verbose_eval": false,
    "early_stopping_rounds": 100,
    "num_boost_round": 10000
  },
  "result": {
    "trn_score": 0.9758620328779538,
    "val_score": 0.9226535922663616,
    "best_iteration": 2392,
    "elapsed_time": "2.35 min.",
    "feature_importance_top10": {
      "V258": 115844.7710673809,
      "R_emaildomain": 91621.72867450304,
      "V70": 62701.63940108195,
      "C14": 58600.41406196426,
      "C1_fq_enc": 49835.77168998588,
      "V257": 45708.83754259348,
      "V317": 41172.97140726447,
      "V294": 38773.59595608711,
      "C13": 28122.144808306824,
      "C14_fq_enc": 26618.30929403007
    }
  },
  "trials": {
    "Full": {
      "val_score": 0.9226535922663616
    }
  }
}