{
  "model_params": {
    "objective": "binary",
    "metric": "auc",
    "boosting_type": "gbdt",
    "learning_rate": 0.007,
    "max_depth": -1,
    "is_unbalance": true,
    "boost_from_average": false,
    "verbose": -1,
    "save_binary": true,
    "seed": 1337,
    "feature_fraction_seed": 1337,
    "bagging_seed": 1337,
    "drop_seed": 1337,
    "data_random_seed": 1337,
    "bagging_fraction": 0.8,
    "bagging_freq": 98,
    "colsample_bytree": 0.36,
    "lambda_l1": 8.0,
    "lambda_l2": 19.1,
    "max_bin": 345,
    "min_data_in_leaf": 41,
    "min_gain_to_split": 0.62,
    "min_sum_hessian_in_leaf": 8.1,
    "num_leaves": 464
  },
  "fit_params": {
    "verbose_eval": false,
    "early_stopping_rounds": 100,
    "num_boost_round": 10000
  },
  "result": {
    "trn_score": 0.9904445016243781,
    "val_score": 0.9282932871697053,
    "best_iteration": 3066,
    "elapsed_time": "2.90 min.",
    "feature_importance_top10": {
      "V258": 95085.68474203348,
      "R_emaildomain": 80841.01698024571,
      "C14": 50773.21610282734,
      "V70": 45712.27103382349,
      "V257": 38351.85149371624,
      "V294": 36654.687522403896,
      "C13": 34429.175978696905,
      "C1_fq_enc": 33796.14216921292,
      "V317": 27473.59947089851,
      "V308": 27276.69033646444
    }
  },
  "trials": {
    "Full": {
      "val_score": 0.9282932871697053
    }
  }
}