{
  "model_params": {
    "objective": "binary",
    "metric": "auc",
    "boosting_type": "gbdt",
    "learning_rate": 0.007,
    "max_depth": -1,
    "is_unbalance": true,
    "boost_from_average": false,
    "verbose": -1,
    "save_binary": true,
    "seed": 1337,
    "feature_fraction_seed": 1337,
    "bagging_seed": 1337,
    "drop_seed": 1337,
    "data_random_seed": 1337,
    "bagging_fraction": 0.86,
    "bagging_freq": 62,
    "colsample_bytree": 0.45,
    "lambda_l1": 31.200000000000003,
    "lambda_l2": 35.9,
    "max_bin": 245,
    "min_data_in_leaf": 28,
    "min_gain_to_split": 0.9,
    "min_sum_hessian_in_leaf": 3.9000000000000004,
    "num_leaves": 400
  },
  "fit_params": {
    "verbose_eval": false,
    "early_stopping_rounds": 100,
    "num_boost_round": 10000
  },
  "result": {
    "trn_score": 0.9588411242266515,
    "val_score": 0.9157256099815898,
    "best_iteration": 2295,
    "elapsed_time": "1.76 min.",
    "feature_importance_top10": {
      "V258": 123476.30134540796,
      "R_emaildomain": 101912.90133803338,
      "C14": 54176.175765489694,
      "V70": 49219.70920479298,
      "V294": 42163.95686036348,
      "C1_fq_enc": 40880.53537339717,
      "V308": 33891.99224726856,
      "C13": 33125.05777572282,
      "V317": 30893.72634946648,
      "D2_scaled": 25000.756192423403
    }
  },
  "trials": {
    "Full": {
      "val_score": 0.9157256099815898
    }
  }
}