{
  "model_params": {
    "objective": "binary",
    "metric": "auc",
    "boosting_type": "gbdt",
    "learning_rate": 0.007,
    "max_depth": -1,
    "is_unbalance": true,
    "boost_from_average": false,
    "verbose": -1,
    "save_binary": true,
    "seed": 1337,
    "feature_fraction_seed": 1337,
    "bagging_seed": 1337,
    "drop_seed": 1337,
    "data_random_seed": 1337,
    "bagging_fraction": 0.67,
    "bagging_freq": 71,
    "colsample_bytree": 0.1,
    "lambda_l1": 4.1000000000000005,
    "lambda_l2": 31.200000000000003,
    "max_bin": 370,
    "min_data_in_leaf": 236,
    "min_gain_to_split": 1.24,
    "min_sum_hessian_in_leaf": 13.9,
    "num_leaves": 224
  },
  "fit_params": {
    "verbose_eval": false,
    "early_stopping_rounds": 100,
    "num_boost_round": 10000
  },
  "result": {
    "trn_score": 0.973991390082225,
    "val_score": 0.920609870737014,
    "best_iteration": 3763,
    "elapsed_time": "1.71 min.",
    "feature_importance_top10": {
      "R_emaildomain": 29727.93408023566,
      "V258": 25033.03381717205,
      "V70": 24284.05807340145,
      "C13": 23128.56975378841,
      "V257": 20073.433911651373,
      "C14": 18282.862830489874,
      "C1_fq_enc": 18280.583515301347,
      "C14_fq_enc": 16811.914111047983,
      "V317": 15755.182502448559,
      "C4_fq_enc": 14873.10246154666
    }
  },
  "trials": {
    "Full": {
      "val_score": 0.920609870737014
    }
  }
}