{
  "model_params": {
    "objective": "binary",
    "metric": "auc",
    "boosting_type": "gbdt",
    "learning_rate": 0.007,
    "max_depth": -1,
    "is_unbalance": true,
    "boost_from_average": false,
    "verbose": -1,
    "save_binary": true,
    "seed": 1337,
    "feature_fraction_seed": 1337,
    "bagging_seed": 1337,
    "drop_seed": 1337,
    "data_random_seed": 1337,
    "bagging_fraction": 0.98,
    "bagging_freq": 93,
    "colsample_bytree": 0.26,
    "lambda_l1": 10.3,
    "lambda_l2": 12.200000000000001,
    "max_bin": 255,
    "min_data_in_leaf": 194,
    "min_gain_to_split": 1.1300000000000001,
    "min_sum_hessian_in_leaf": 2.2,
    "num_leaves": 304
  },
  "fit_params": {
    "verbose_eval": false,
    "early_stopping_rounds": 100,
    "num_boost_round": 10000
  },
  "result": {
    "trn_score": 0.9752355055267684,
    "val_score": 0.9227078453166234,
    "best_iteration": 2255,
    "elapsed_time": "1.57 min.",
    "feature_importance_top10": {
      "V258": 91980.93441151083,
      "R_emaildomain": 87297.57729265839,
      "V70": 60499.653773128986,
      "V294": 44594.80606293678,
      "C13": 41692.53730919212,
      "V257": 41219.44939994812,
      "C1_fq_enc": 37422.70367187634,
      "V317": 35598.577823102474,
      "C1": 33225.67061503464,
      "C14": 30916.303401540965
    }
  },
  "trials": {
    "Full": {
      "val_score": 0.9227078453166234
    }
  }
}