{
  "model_params": {
    "objective": "binary",
    "metric": "auc",
    "boosting_type": "gbdt",
    "learning_rate": 0.007,
    "max_depth": -1,
    "is_unbalance": true,
    "boost_from_average": false,
    "verbose": -1,
    "save_binary": true,
    "seed": 1337,
    "feature_fraction_seed": 1337,
    "bagging_seed": 1337,
    "drop_seed": 1337,
    "data_random_seed": 1337,
    "bagging_fraction": 0.77,
    "bagging_freq": 87,
    "colsample_bytree": 0.22,
    "lambda_l1": 15.700000000000001,
    "lambda_l2": 58.300000000000004,
    "max_bin": 410,
    "min_data_in_leaf": 20,
    "min_gain_to_split": 3.34,
    "min_sum_hessian_in_leaf": 10.700000000000001,
    "num_leaves": 592
  },
  "fit_params": {
    "verbose_eval": false,
    "early_stopping_rounds": 100,
    "num_boost_round": 10000
  },
  "result": {
    "trn_score": 0.941728368191801,
    "val_score": 0.90851629033786,
    "best_iteration": 2440,
    "elapsed_time": "1.16 min.",
    "feature_importance_top10": {
      "R_emaildomain": 73353.30301020294,
      "V258": 61895.15701301396,
      "V70": 44373.374213159084,
      "C1_fq_enc": 33982.19743357599,
      "C14": 30967.83473788947,
      "C13": 23230.726397925988,
      "V317": 22723.120469003916,
      "V294": 21610.202131450176,
      "V308": 21530.92724338174,
      "V91": 20225.956572771072
    }
  },
  "trials": {
    "Full": {
      "val_score": 0.90851629033786
    }
  }
}