{
  "model_params": {
    "objective": "binary",
    "metric": "auc",
    "boosting_type": "gbdt",
    "learning_rate": 0.007,
    "max_depth": -1,
    "is_unbalance": true,
    "boost_from_average": false,
    "verbose": -1,
    "save_binary": true,
    "seed": 1337,
    "feature_fraction_seed": 1337,
    "bagging_seed": 1337,
    "drop_seed": 1337,
    "data_random_seed": 1337,
    "bagging_fraction": 0.7000000000000001,
    "bagging_freq": 100,
    "colsample_bytree": 0.34,
    "lambda_l1": 22.8,
    "lambda_l2": 25.8,
    "max_bin": 180,
    "min_data_in_leaf": 90,
    "min_gain_to_split": 4.8500000000000005,
    "min_sum_hessian_in_leaf": 4.6000000000000005,
    "num_leaves": 448
  },
  "fit_params": {
    "verbose_eval": false,
    "early_stopping_rounds": 100,
    "num_boost_round": 10000
  },
  "result": {
    "trn_score": 0.9289230453323207,
    "val_score": 0.8999911936106125,
    "best_iteration": 1810,
    "elapsed_time": "0.82 min.",
    "feature_importance_top10": {
      "V258": 78322.16174437106,
      "R_emaildomain": 77748.32858349383,
      "C14": 42932.73261491628,
      "V70": 38590.89549995959,
      "C1_fq_enc": 33596.75168254599,
      "V294": 31792.174921035767,
      "V308": 27545.454047083855,
      "V317": 26879.400111436844,
      "V257": 21019.660326957703,
      "C13": 19799.35031656921
    }
  },
  "trials": {
    "Full": {
      "val_score": 0.8999911936106125
    }
  }
}