{
  "model_params": {
    "objective": "binary",
    "metric": "auc",
    "boosting_type": "gbdt",
    "learning_rate": 0.007,
    "max_depth": -1,
    "is_unbalance": true,
    "boost_from_average": false,
    "verbose": -1,
    "save_binary": true,
    "seed": 1337,
    "feature_fraction_seed": 1337,
    "bagging_seed": 1337,
    "drop_seed": 1337,
    "data_random_seed": 1337,
    "bagging_fraction": 0.9,
    "bagging_freq": 79,
    "colsample_bytree": 0.15,
    "lambda_l1": 20.200000000000003,
    "lambda_l2": 4.2,
    "max_bin": 340,
    "min_data_in_leaf": 59,
    "min_gain_to_split": 4.37,
    "min_sum_hessian_in_leaf": 5.800000000000001,
    "num_leaves": 64
  },
  "fit_params": {
    "verbose_eval": false,
    "early_stopping_rounds": 100,
    "num_boost_round": 10000
  },
  "result": {
    "trn_score": 0.9393057124250628,
    "val_score": 0.9052336995676831,
    "best_iteration": 2178,
    "elapsed_time": "0.91 min.",
    "feature_importance_top10": {
      "R_emaildomain": 53157.24517981708,
      "V258": 48310.19080557674,
      "V70": 39596.426644951105,
      "C14": 31544.18015086651,
      "V91": 28142.875224113464,
      "V257": 27782.326740056276,
      "C13": 26755.909960644552,
      "V69": 25866.479835912585,
      "V201": 25369.839000552893,
      "V90": 25323.657281160355
    }
  },
  "trials": {
    "Full": {
      "val_score": 0.9052336995676831
    }
  }
}