{
  "model_params": {
    "objective": "binary",
    "metric": "auc",
    "boosting_type": "gbdt",
    "learning_rate": 0.007,
    "max_depth": -1,
    "is_unbalance": true,
    "boost_from_average": false,
    "verbose": -1,
    "save_binary": true,
    "seed": 1337,
    "feature_fraction_seed": 1337,
    "bagging_seed": 1337,
    "drop_seed": 1337,
    "data_random_seed": 1337,
    "bagging_fraction": 0.6,
    "bagging_freq": 96,
    "colsample_bytree": 0.49,
    "lambda_l1": 61.7,
    "lambda_l2": 37.4,
    "max_bin": 265,
    "min_data_in_leaf": 16,
    "min_gain_to_split": 0.09,
    "min_sum_hessian_in_leaf": 11.5,
    "num_leaves": 800
  },
  "fit_params": {
    "verbose_eval": false,
    "early_stopping_rounds": 100,
    "num_boost_round": 10000
  },
  "result": {
    "trn_score": 0.9367123567731118,
    "val_score": 0.9036536600295947,
    "best_iteration": 2307,
    "elapsed_time": "1.45 min.",
    "feature_importance_top10": {
      "R_emaildomain": 70609.76707118796,
      "V258": 69867.0823167935,
      "C1_fq_enc": 38216.61053096084,
      "V308": 35026.55243971944,
      "V70": 33511.235194548965,
      "C14": 32373.704340899363,
      "V294": 27964.85596924997,
      "V317": 24528.812807410955,
      "C1": 20155.461638718843,
      "D2_scaled": 19015.7636489328
    }
  },
  "trials": {
    "Full": {
      "val_score": 0.9036536600295947
    }
  }
}