{
  "model_params": {
    "objective": "binary",
    "metric": "auc",
    "boosting_type": "gbdt",
    "learning_rate": 0.007,
    "max_depth": -1,
    "is_unbalance": true,
    "boost_from_average": false,
    "verbose": -1,
    "save_binary": true,
    "seed": 1337,
    "feature_fraction_seed": 1337,
    "bagging_seed": 1337,
    "drop_seed": 1337,
    "data_random_seed": 1337,
    "bagging_fraction": 0.93,
    "bagging_freq": 43,
    "colsample_bytree": 0.3,
    "lambda_l1": 27.6,
    "lambda_l2": 29.0,
    "max_bin": 195,
    "min_data_in_leaf": 11,
    "min_gain_to_split": 0.8200000000000001,
    "min_sum_hessian_in_leaf": 13.0,
    "num_leaves": 496
  },
  "fit_params": {
    "verbose_eval": false,
    "early_stopping_rounds": 100,
    "num_boost_round": 10000
  },
  "result": {
    "trn_score": 0.9609548771689638,
    "val_score": 0.9168552430430865,
    "best_iteration": 3334,
    "elapsed_time": "1.73 min.",
    "feature_importance_top10": {
      "V258": 109992.02814555168,
      "R_emaildomain": 99732.01517991256,
      "V70": 52837.981342837214,
      "C14": 46721.35340406746,
      "C1_fq_enc": 44463.000193841755,
      "V294": 35124.6964796558,
      "V317": 34579.0184777379,
      "C13": 29723.91933225002,
      "V308": 28696.988245144486,
      "D2_scaled": 27312.540232732892
    }
  },
  "trials": {
    "Full": {
      "val_score": 0.9168552430430865
    }
  }
}