{
  "model_params": {
    "objective": "binary",
    "metric": "auc",
    "boosting_type": "gbdt",
    "learning_rate": 0.007,
    "max_depth": -1,
    "is_unbalance": true,
    "boost_from_average": false,
    "verbose": -1,
    "save_binary": true,
    "seed": 1337,
    "feature_fraction_seed": 1337,
    "bagging_seed": 1337,
    "drop_seed": 1337,
    "data_random_seed": 1337,
    "bagging_fraction": 0.89,
    "bagging_freq": 73,
    "colsample_bytree": 0.46,
    "lambda_l1": 2.9000000000000004,
    "lambda_l2": 14.3,
    "max_bin": 310,
    "min_data_in_leaf": 55,
    "min_gain_to_split": 0.49,
    "min_sum_hessian_in_leaf": 8.6,
    "num_leaves": 512
  },
  "fit_params": {
    "verbose_eval": false,
    "early_stopping_rounds": 100,
    "num_boost_round": 10000
  },
  "result": {
    "trn_score": 0.9988445919962808,
    "val_score": 0.9333411787006153,
    "best_iteration": 3131,
    "elapsed_time": "4.01 min.",
    "feature_importance_top10": {
      "V258": 140582.35413156822,
      "R_emaildomain": 107932.53049058467,
      "V70": 61301.40941441059,
      "C14": 59663.3195359176,
      "V294": 52900.817549452186,
      "C1_fq_enc": 43774.80265053548,
      "C13": 42751.82127058586,
      "V317": 39616.321845412254,
      "V308": 31156.529716551304,
      "V257": 30602.164346277714
    }
  },
  "trials": {
    "Full": {
      "val_score": 0.9333411787006153
    }
  }
}