{
  "model_params": {
    "objective": "binary",
    "metric": "auc",
    "boosting_type": "gbdt",
    "learning_rate": 0.007,
    "max_depth": -1,
    "is_unbalance": true,
    "boost_from_average": false,
    "verbose": -1,
    "save_binary": true,
    "seed": 1337,
    "feature_fraction_seed": 1337,
    "bagging_seed": 1337,
    "drop_seed": 1337,
    "data_random_seed": 1337,
    "bagging_fraction": 0.44,
    "bagging_freq": 47,
    "colsample_bytree": 0.42,
    "lambda_l1": 36.7,
    "lambda_l2": 43.7,
    "max_bin": 215,
    "min_data_in_leaf": 29,
    "min_gain_to_split": 0.65,
    "min_sum_hessian_in_leaf": 16.1,
    "num_leaves": 544
  },
  "fit_params": {
    "verbose_eval": false,
    "early_stopping_rounds": 100,
    "num_boost_round": 10000
  },
  "result": {
    "trn_score": 0.9344114638938684,
    "val_score": 0.9027317157647645,
    "best_iteration": 2784,
    "elapsed_time": "1.22 min.",
    "feature_importance_top10": {
      "R_emaildomain": 47657.14907813445,
      "V258": 45755.276623904705,
      "C1_fq_enc": 26084.674040608108,
      "V70": 25117.702807545662,
      "C14": 23226.816704224795,
      "V308": 18123.65421775123,
      "V317": 14931.304417133331,
      "V294": 14838.200344234705,
      "V69": 13587.444805383682,
      "C13": 13523.403615634888
    }
  },
  "trials": {
    "Full": {
      "val_score": 0.9027317157647645
    }
  }
}