{
  "folds": "GroupKFold(n_splits=6)",
  "model_params": {
    "objective": "binary",
    "boosting_type": "gbdt",
    "metric": "auc",
    "n_jobs": -1,
    "learning_rate": 0.007,
    "num_leaves": 256,
    "max_depth": -1,
    "tree_learner": "serial",
    "colsample_bytree": 0.5,
    "subsample_freq": 1,
    "subsample": 0.7,
    "max_bin": 255,
    "verbose": -1,
    "seed": 1337,
    "feature_fraction_seed": 1337,
    "bagging_seed": 1337,
    "drop_seed": 1337,
    "data_random_seed": 1337
  },
  "fit_params": {
    "verbose_eval": 100,
    "early_stopping_rounds": 100
  },
  "trials": {
    "Fold1": {
      "trn_score": 0.9999998461761503,
      "val_score": 0.9188353672731232,
      "best_iteration": 2332,
      "elapsed_time": "44.41 min.",
      "feature_importance_top10": {
        "V258": 397572.03560864925,
        "R_emaildomain": 165973.5287129283,
        "V257": 149050.5980682373,
        "C1_fq_enc": 139765.25171864033,
        "C14": 129459.07675653696,
        "C1": 125129.86186134815,
        "C13": 100324.66601705551,
        "V246": 92209.02017056942,
        "V294": 88339.9330189228,
        "D2_scaled": 73283.4728577137
      }
    },
    "Fold2": {
      "trn_score": 0.9999967331021208,
      "val_score": 0.9479833590482091,
      "best_iteration": 1940,
      "elapsed_time": "38.26 min.",
      "feature_importance_top10": {
        "V258": 345557.2282357216,
        "V201": 144869.2612143755,
        "C14": 141480.88273191452,
        "C13": 125170.65218818188,
        "C1_fq_enc": 123860.64881253242,
        "C1": 113898.78648984432,
        "R_emaildomain": 111371.2335921526,
        "V257": 102181.27025592327,
        "V294": 101924.46848869324,
        "V200": 77607.60678327084
      }
    },
    "Fold3": {
      "trn_score": 0.9999834335921033,
      "val_score": 0.9439412554615786,
      "best_iteration": 1642,
      "elapsed_time": "32.83 min.",
      "feature_importance_top10": {
        "V258": 358387.0528745651,
        "V257": 169979.15308094025,
        "C14": 139872.22308707237,
        "C13": 124686.54907619953,
        "C1_fq_enc": 124070.67731761932,
        "C1": 107159.03468847275,
        "V200": 103580.17638993263,
        "V294": 101772.05149030685,
        "V201": 94991.3955719471,
        "R_emaildomain": 93005.7138466835
      }
    },
    "Fold4": {
      "trn_score": 0.9997962528047274,
      "val_score": 0.941815240684187,
      "best_iteration": 1207,
      "elapsed_time": "24.60 min.",
      "feature_importance_top10": {
        "V258": 368452.60950660706,
        "V257": 186375.46942973137,
        "C14": 136221.42095899582,
        "C1_fq_enc": 133625.36646556854,
        "C13": 128284.29589819908,
        "R_emaildomain": 117561.11328673363,
        "C1": 111904.51569485664,
        "V294": 109976.44798755646,
        "V201": 85338.66231155396,
        "D2_scaled": 80969.8479001522
      }
    },
    "Fold5": {
      "trn_score": 0.9999256020249975,
      "val_score": 0.9525734260819575,
      "best_iteration": 1421,
      "elapsed_time": "28.79 min.",
      "feature_importance_top10": {
        "V258": 357493.49494719505,
        "V201": 177230.77304768562,
        "V257": 142581.8514664173,
        "R_emaildomain": 138393.3961238861,
        "C14": 132908.8829448223,
        "C1_fq_enc": 126518.22238492966,
        "C13": 115574.58588695526,
        "C1": 111872.04814600945,
        "V294": 108090.68512797356,
        "V317": 77571.39302396774
      }
    },
    "Fold6": {
      "trn_score": 0.9999905126073743,
      "val_score": 0.9589506559393473,
      "best_iteration": 1811,
      "elapsed_time": "37.27 min.",
      "feature_importance_top10": {
        "V258": 389628.03189730644,
        "V257": 152311.6280324459,
        "C14": 149068.8602693081,
        "C1_fq_enc": 137083.25041878223,
        "C13": 131694.440985322,
        "C1": 119019.05297338963,
        "R_emaildomain": 110079.73116803169,
        "V294": 107654.58003807068,
        "V201": 105243.37380242348,
        "V200": 76021.13645100594
      }
    },
    "Full": {
      "val_score": 0.9418133290817059,
      "val_score_mean": 0.9440165507480671,
      "val_score_std": 0.012589192574124393
    }
  },
  "features": [
    [
      "KonstantinFeature2",
      {}
    ]
  ],
  "cols_to_drop": [
    "TransactionID",
    "TransactionDT",
    "isFraud",
    "DT",
    "DT_M",
    "DT_W",
    "DT_D",
    "DT_hour",
    "DT_day_week",
    "DT_day_month",
    "DT_M_total",
    "DT_W_total",
    "DT_D_total",
    "uid",
    "uid2",
    "uid3",
    "uid4",
    "uid5",
    "bank_type"
  ]
}