{
  "folds": "GroupKFold(n_splits=6)",
  "model_params": {
    "objective": "binary",
    "boosting_type": "gbdt",
    "metric": "auc",
    "n_jobs": -1,
    "learning_rate": 0.007,
    "num_leaves": 256,
    "max_depth": -1,
    "tree_learner": "serial",
    "colsample_bytree": 0.5,
    "subsample_freq": 1,
    "subsample": 0.7,
    "max_bin": 255,
    "verbose": -1,
    "seed": 1337,
    "feature_fraction_seed": 1337,
    "bagging_seed": 1337,
    "drop_seed": 1337,
    "data_random_seed": 1337
  },
  "fit_params": {
    "verbose_eval": 100,
    "early_stopping_rounds": 100
  },
  "trials": {
    "Fold1": {
      "trn_score": 0.9999999996585338,
      "val_score": 0.9186140472771367,
      "best_iteration": 2391,
      "elapsed_time": "24.35 min.",
      "feature_importance_top10": {
        "V258": 349132.59038597345,
        "R_emaildomain": 147328.93338418007,
        "C14": 110106.99813598394,
        "C1_fq_enc": 106958.91837662458,
        "V257": 104178.02621364594,
        "C1": 98503.66631400585,
        "V294": 90163.15277791023,
        "C13": 83185.3932941556,
        "D2_scaled": 65105.04266422987,
        "V201": 64797.7001837492
      }
    },
    "Fold2": {
      "trn_score": 0.9999939438183876,
      "val_score": 0.946675843603537,
      "best_iteration": 1646,
      "elapsed_time": "16.87 min.",
      "feature_importance_top10": {
        "V258": 300324.63495731354,
        "C14": 115878.07960486412,
        "V201": 105260.77524077892,
        "V294": 100146.32812786102,
        "C1_fq_enc": 99824.90816545486,
        "C13": 97027.14974701405,
        "R_emaildomain": 95836.4089808464,
        "V257": 80952.29166316986,
        "C1": 75140.16909170151,
        "V317": 63680.302607893944
      }
    },
    "Fold3": {
      "trn_score": 0.9999483002211564,
      "val_score": 0.9434741014587289,
      "best_iteration": 1432,
      "elapsed_time": "14.78 min.",
      "feature_importance_top10": {
        "V258": 320166.26645088196,
        "V257": 137473.13750433922,
        "C14": 116047.92130923271,
        "V294": 103635.90170431137,
        "C13": 93493.34996986389,
        "C1_fq_enc": 93257.64557766914,
        "V201": 80431.51138973236,
        "C1": 71311.87565350533,
        "R_emaildomain": 68526.07114648819,
        "D2_scaled": 67069.70648789406
      }
    },
    "Fold4": {
      "trn_score": 0.9999390786169605,
      "val_score": 0.9420196702004567,
      "best_iteration": 1418,
      "elapsed_time": "14.86 min.",
      "feature_importance_top10": {
        "V258": 320896.2418560982,
        "C14": 125617.32420134544,
        "V257": 121904.34634828568,
        "C1_fq_enc": 109266.30306696892,
        "C13": 109005.90740323067,
        "R_emaildomain": 102007.91670894623,
        "V294": 101520.45802855492,
        "C1": 79340.12935805321,
        "V243": 76015.53917384148,
        "V317": 61996.36567735672
      }
    },
    "Fold5": {
      "trn_score": 0.9999907652284423,
      "val_score": 0.9505145718070263,
      "best_iteration": 1695,
      "elapsed_time": "17.45 min.",
      "feature_importance_top10": {
        "V258": 320245.4164812565,
        "R_emaildomain": 122598.85894298553,
        "C14": 117371.72769021988,
        "C1_fq_enc": 104043.03259694576,
        "V201": 97945.52479481697,
        "V294": 95750.57654392719,
        "C13": 94488.06669390202,
        "V257": 87098.15823435783,
        "C1": 75805.0811702013,
        "D2_scaled": 63898.81015920639
      }
    },
    "Fold6": {
      "trn_score": 0.9999999641607739,
      "val_score": 0.9574948294845038,
      "best_iteration": 2355,
      "elapsed_time": "24.66 min.",
      "feature_importance_top10": {
        "V258": 344911.29361099005,
        "V257": 143461.19658517838,
        "C14": 126674.07078331709,
        "C13": 108607.1013199687,
        "C1_fq_enc": 107856.32328504324,
        "V294": 97778.76535218954,
        "R_emaildomain": 88982.2495110631,
        "V201": 86510.23571413755,
        "C1": 82518.0079202056,
        "D2_scaled": 66016.66569399834
      }
    },
    "Full": {
      "val_score": 0.9410557340190017,
      "val_score_mean": 0.9431321773052316,
      "val_score_std": 0.012081917489207544
    }
  },
  "features": [
    [
      "KonstantinFeature2",
      {}
    ]
  ],
  "cols_to_drop": [
    "TransactionID",
    "TransactionDT",
    "isFraud",
    "DT",
    "DT_M",
    "DT_W",
    "DT_D",
    "DT_hour",
    "DT_day_week",
    "DT_day_month",
    "DT_M_total",
    "DT_W_total",
    "DT_D_total",
    "uid",
    "uid2",
    "uid3",
    "uid4",
    "uid5",
    "bank_type"
  ]
}