{
  "folds": "GroupKFold(n_splits=6)",
  "model_params": {
    "objective": "binary",
    "metric": "auc",
    "boosting_type": "gbdt",
    "learning_rate": 0.007,
    "max_depth": -1,
    "is_unbalance": true,
    "boost_from_average": false,
    "verbose": -1,
    "save_binary": true,
    "seed": 1337,
    "feature_fraction_seed": 1337,
    "bagging_seed": 1337,
    "drop_seed": 1337,
    "data_random_seed": 1337,
    "bagging_fraction": 0.91,
    "bagging_freq": 98,
    "colsample_bytree": 0.29,
    "lambda_l1": 4.2,
    "lambda_l2": 19.8,
    "max_bin": 325,
    "min_data_in_leaf": 11,
    "min_gain_to_split": 0.13,
    "min_sum_hessian_in_leaf": 5.0,
    "num_leaves": 288
  },
  "fit_params": {
    "verbose_eval": 100,
    "early_stopping_rounds": 100
  },
  "trials": {
    "Fold1": {
      "trn_score": 0.9999255353215148,
      "val_score": 0.911858859912057,
      "best_iteration": 2812,
      "elapsed_time": "51.15 min.",
      "feature_importance_top10": {
        "V74": 2287992.756975174,
        "V34": 1989287.0021014214,
        "cents_2_cat": 1882947.4805166721,
        "R_emaildomain": 1462693.7796559334,
        "C1_fq_enc": 1312165.2122752666,
        "V33": 1203376.3619012833,
        "V258": 1126910.53333354,
        "V317": 1097934.6566400528,
        "C13": 931791.7422132492,
        "P_emaildomain": 879369.4958515167
      }
    },
    "Fold2": {
      "trn_score": 0.9997088621369675,
      "val_score": 0.9486147885737964,
      "best_iteration": 2061,
      "elapsed_time": "40.48 min.",
      "feature_importance_top10": {
        "R_emaildomain": 2819201.020688057,
        "V258": 2510937.3589630127,
        "cents_2_cat": 1970605.2448887825,
        "V294": 1349598.623418808,
        "C14": 1249557.1912908554,
        "C13": 1204174.1175050735,
        "V317": 1010111.4220542908,
        "C1_fq_enc": 995711.8547372818,
        "V257": 981201.5937414169,
        "V70": 963426.2486629486
      }
    },
    "Fold3": {
      "trn_score": 0.9997933272940843,
      "val_score": 0.9474257486477393,
      "best_iteration": 2322,
      "elapsed_time": "47.10 min.",
      "feature_importance_top10": {
        "V258": 2785671.7675819397,
        "R_emaildomain": 2391308.682577133,
        "cents_2_cat": 2124269.3683629036,
        "V257": 1449768.7298765182,
        "V294": 1335029.7702264786,
        "C14": 1238573.4848122597,
        "C13": 1181389.8672347069,
        "V70": 1009810.3762435913,
        "C1_fq_enc": 989296.9430942535,
        "V317": 953933.1887087822
      }
    },
    "Fold4": {
      "trn_score": 0.9994198437186427,
      "val_score": 0.9419265106544871,
      "best_iteration": 1666,
      "elapsed_time": "55.15 min.",
      "feature_importance_top10": {
        "R_emaildomain": 2752795.6056785583,
        "V258": 2719958.4680404663,
        "cents_2_cat": 1966988.7129249573,
        "V294": 1365651.5783309937,
        "C14": 1289627.7076330185,
        "C13": 1218152.6665754318,
        "V70": 1201287.9037237167,
        "V257": 1197519.9132823944,
        "C1_fq_enc": 1075901.4157810211,
        "V317": 949805.8639698029
      }
    },
    "Fold5": {
      "trn_score": 0.99938841659316,
      "val_score": 0.9513243842382653,
      "best_iteration": 1675,
      "elapsed_time": "61.72 min.",
      "feature_importance_top10": {
        "R_emaildomain": 3375348.248438835,
        "V258": 2352636.304283142,
        "cents_2_cat": 2093996.3417682648,
        "V294": 1343458.002292633,
        "C14": 1235231.1841869354,
        "C13": 1225774.3605451584,
        "C1_fq_enc": 1014533.5183534622,
        "V70": 1007691.2573757172,
        "V317": 965771.4920520782,
        "V257": 857868.565914154
      }
    },
    "Fold6": {
      "trn_score": 0.9997162299552232,
      "val_score": 0.9577302188135104,
      "best_iteration": 2192,
      "elapsed_time": "116.08 min.",
      "feature_importance_top10": {
        "V258": 2958095.2695741653,
        "R_emaildomain": 2590687.034787178,
        "cents_2_cat": 2133054.568383217,
        "V257": 1246633.3728990555,
        "V70": 1225482.6933431625,
        "C13": 1222764.2185964584,
        "C14": 1195042.363524437,
        "V294": 1118911.021232605,
        "C1_fq_enc": 1100656.9671955109,
        "C1": 874393.2853469849
      }
    },
    "Full": {
      "val_score": 0.9413980008463007,
      "val_score_mean": 0.9431467518066424,
      "val_score_std": 0.014765847926080882
    }
  },
  "features": [
    [
      "TimeToLastTransaction",
      {}
    ],
    [
      "CentsAsCategory",
      {
        "round_num": 2
      }
    ],
    [
      "TimeToFutureTransaction",
      {
        "step": -1
      }
    ],
    [
      "TimeToFutureTransaction",
      {
        "step": -2
      }
    ],
    [
      "TimeToFutureTransaction",
      {
        "step": -3
      }
    ],
    [
      "TimeToFutureTransaction",
      {
        "step": -4
      }
    ],
    [
      "TimeToFutureTransaction",
      {
        "step": -5
      }
    ],
    [
      "KonstantinFeature2",
      {}
    ]
  ],
  "cols_to_drop": [
    "TransactionID",
    "TransactionDT",
    "isFraud",
    "DT",
    "DT_M",
    "DT_W",
    "DT_D",
    "DT_hour",
    "DT_day_week",
    "DT_day_month",
    "DT_M_total",
    "DT_W_total",
    "DT_D_total",
    "uid",
    "uid2",
    "uid3",
    "uid4",
    "uid5",
    "bank_type"
  ]
}