{
  "folds": "GroupKFold(n_splits=6)",
  "model_params": {
    "objective": "binary",
    "metric": "auc",
    "boosting_type": "gbdt",
    "learning_rate": 0.007,
    "max_depth": -1,
    "is_unbalance": true,
    "boost_from_average": false,
    "verbose": -1,
    "save_binary": true,
    "seed": 1337,
    "feature_fraction_seed": 1337,
    "bagging_seed": 1337,
    "drop_seed": 1337,
    "data_random_seed": 1337,
    "colsample_bytree": 0.38,
    "lambda_l1": 0.2,
    "lambda_l2": 9.2,
    "max_bin": 325,
    "min_data_in_leaf": 46,
    "min_gain_to_split": 0.0,
    "min_sum_hessian_in_leaf": 9.0,
    "num_leaves": 560
  },
  "fit_params": {
    "verbose_eval": 100,
    "early_stopping_rounds": 100
  },
  "trials": {
    "Fold1": {
      "trn_score": 0.9999691863226643,
      "val_score": 0.91240113201655,
      "best_iteration": 1600,
      "elapsed_time": "73.35 min.",
      "feature_importance_top10": {
        "V74": 3472047.0408267975,
        "V34": 2338598.1714601517,
        "C1_fq_enc": 1738645.1441545486,
        "V317": 1686464.5929546356,
        "V33": 1454616.9936351776,
        "V258": 1361105.3562459946,
        "R_emaildomain": 1231519.3853783607,
        "C1": 1072862.3618676662,
        "C14": 1062172.4569385052,
        "C13": 1039662.8480534554
      }
    },
    "Fold2": {
      "trn_score": 0.9999957348020445,
      "val_score": 0.949671676095766,
      "best_iteration": 2097,
      "elapsed_time": "74.90 min.",
      "feature_importance_top10": {
        "V258": 3579156.327018976,
        "R_emaildomain": 3038247.5941911936,
        "V294": 1793013.759610653,
        "C14": 1549091.7588638067,
        "C1_fq_enc": 1343230.754761219,
        "V70": 1314505.7258172035,
        "C13": 1310274.9271507263,
        "V317": 1277669.3949786425,
        "D2_scaled": 1193573.7191375494,
        "V218": 1119772.8558428288
      }
    },
    "Fold3": {
      "trn_score": 0.9999881349760505,
      "val_score": 0.9504906796347651,
      "best_iteration": 1827,
      "elapsed_time": "60.82 min.",
      "feature_importance_top10": {
        "V258": 4193263.5391750336,
        "R_emaildomain": 2302412.8654048443,
        "V294": 1707962.1040098667,
        "V257": 1549454.7740542889,
        "C14": 1498443.6453034878,
        "V70": 1432080.3052031994,
        "C1_fq_enc": 1240104.546014309,
        "C13": 1218025.4910268784,
        "V317": 1208478.5780770779,
        "D2_scaled": 1076978.9844367504
      }
    },
    "Fold4": {
      "trn_score": 0.9998470079023671,
      "val_score": 0.9432660935220226,
      "best_iteration": 1267,
      "elapsed_time": "44.70 min.",
      "feature_importance_top10": {
        "V258": 3737594.55512619,
        "R_emaildomain": 3074792.5570602417,
        "V294": 1827237.6523275375,
        "C14": 1583327.821835041,
        "V70": 1575148.868133545,
        "C1_fq_enc": 1437612.263138771,
        "C13": 1306099.9101514816,
        "V317": 1244423.8969717026,
        "D2_scaled": 1025472.3719453812,
        "P_emaildomain": 992170.2150239944
      }
    },
    "Fold5": {
      "trn_score": 0.9999992241407675,
      "val_score": 0.9545014520439048,
      "best_iteration": 2513,
      "elapsed_time": "78.43 min.",
      "feature_importance_top10": {
        "R_emaildomain": 3664528.058465302,
        "V258": 3437289.3866467476,
        "V294": 1761116.3309479356,
        "C14": 1514356.8352453709,
        "C1_fq_enc": 1384586.5063880086,
        "V70": 1354745.3144793808,
        "V317": 1277724.1468790174,
        "C13": 1274940.7094398811,
        "V264": 1203932.7310529351,
        "D2_scaled": 1105345.7568546683
      }
    },
    "Fold6": {
      "trn_score": 0.99998004759518,
      "val_score": 0.9596626556144177,
      "best_iteration": 1837,
      "elapsed_time": "64.07 min.",
      "feature_importance_top10": {
        "V258": 4427368.948291779,
        "R_emaildomain": 2509504.998951912,
        "V70": 1861710.4295499325,
        "C14": 1544461.7797880173,
        "V294": 1470937.8391652107,
        "C1_fq_enc": 1433027.2323081493,
        "V218": 1383093.7804858685,
        "C13": 1263033.3350458145,
        "D2_scaled": 1124988.2440760136,
        "V257": 1098567.729547739
      }
    },
    "Full": {
      "val_score": 0.9407665197991518,
      "val_score_mean": 0.944998948154571,
      "val_score_std": 0.015399869046215455
    }
  },
  "features": [
    [
      "TimeToLastTransaction",
      {}
    ],
    [
      "Cents",
      {
        "round_num": 2
      }
    ],
    [
      "TimeToFutureTransaction",
      {
        "step": -1
      }
    ],
    [
      "TimeToFutureTransaction",
      {
        "step": -2
      }
    ],
    [
      "TimeToFutureTransaction",
      {
        "step": -3
      }
    ],
    [
      "TimeToFutureTransaction",
      {
        "step": -4
      }
    ],
    [
      "TimeToFutureTransaction",
      {
        "step": -5
      }
    ],
    [
      "KonstantinFeature2",
      {}
    ]
  ],
  "cols_to_drop": [
    "TransactionID",
    "TransactionDT",
    "isFraud",
    "DT",
    "DT_M",
    "DT_W",
    "DT_D",
    "DT_hour",
    "DT_day_week",
    "DT_day_month",
    "DT_M_total",
    "DT_W_total",
    "DT_D_total",
    "uid",
    "uid2",
    "uid3",
    "uid4",
    "uid5",
    "bank_type"
  ]
}