{
  "model_params": {
    "objective": "binary",
    "boosting_type": "gbdt",
    "metric": "auc",
    "n_jobs": -1,
    "learning_rate": 0.007,
    "num_leaves": 256,
    "max_depth": -1,
    "tree_learner": "serial",
    "colsample_bytree": 0.5,
    "subsample_freq": 1,
    "subsample": 0.7,
    "max_bin": 255,
    "verbose": -1,
    "seed": 1337,
    "feature_fraction_seed": 1337,
    "bagging_seed": 1337,
    "drop_seed": 1337,
    "data_random_seed": 1337
  },
  "fit_params": {
    "verbose_eval": 100,
    "early_stopping_rounds": 100
  },
  "result": {
    "trn_score": 0.9997962528047274,
    "val_score": 0.941815240684187,
    "best_iteration": 1207,
    "elapsed_time": "25.07 min.",
    "feature_importance_top10": {
      "V258": 368452.60950660706,
      "V257": 186375.46942973137,
      "C14": 136221.42095899582,
      "C1_fq_enc": 133625.36646556854,
      "C13": 128284.29589819908,
      "R_emaildomain": 117561.11328673363,
      "C1": 111904.51569485664,
      "V294": 109976.44798755646,
      "V201": 85338.66231155396,
      "D2_scaled": 80969.8479001522
    }
  },
  "trials": {
    "Full": {
      "val_score": 0.941815240684187
    }
  },
  "features": [
    [
      "KonstantinFeature2",
      {}
    ]
  ],
  "cols_to_drop": [
    "TransactionID",
    "TransactionDT",
    "isFraud",
    "DT",
    "DT_M",
    "DT_W",
    "DT_D",
    "DT_hour",
    "DT_day_week",
    "DT_day_month",
    "DT_M_total",
    "DT_W_total",
    "DT_D_total",
    "uid",
    "uid2",
    "uid3",
    "uid4",
    "uid5",
    "bank_type"
  ]
}