{
  "folds": "GroupKFold(n_splits=6)",
  "model_params": {
    "objective": "binary",
    "metric": "auc",
    "boosting_type": "gbdt",
    "learning_rate": 0.007,
    "max_depth": -1,
    "is_unbalance": true,
    "boost_from_average": false,
    "verbose": -1,
    "save_binary": true,
    "seed": 1337,
    "feature_fraction_seed": 1337,
    "bagging_seed": 1337,
    "drop_seed": 1337,
    "data_random_seed": 1337,
    "colsample_bytree": 0.38,
    "lambda_l1": 0.2,
    "lambda_l2": 9.2,
    "max_bin": 325,
    "min_data_in_leaf": 46,
    "min_gain_to_split": 0.0,
    "min_sum_hessian_in_leaf": 9.0,
    "num_leaves": 560
  },
  "fit_params": {
    "verbose_eval": 100,
    "early_stopping_rounds": 100
  },
  "trials": {
    "Fold1": {
      "trn_score": 0.9999715613468235,
      "val_score": 0.9122692585531654,
      "best_iteration": 1610,
      "elapsed_time": "56.11 min.",
      "feature_importance_top10": {
        "V74": 3472139.139341831,
        "V34": 2338678.3496227264,
        "C1_fq_enc": 1740451.8501508236,
        "V317": 1685253.2579934597,
        "V33": 1454588.6020393372,
        "V258": 1359910.5891594887,
        "R_emaildomain": 1229752.5891139507,
        "C1": 1075276.3037104607,
        "C14": 1060385.582520008,
        "C13": 1039729.7575409412
      }
    },
    "Fold2": {
      "trn_score": 0.9999958963722111,
      "val_score": 0.9499590431359681,
      "best_iteration": 2062,
      "elapsed_time": "74.94 min.",
      "feature_importance_top10": {
        "V258": 3578891.7468287945,
        "R_emaildomain": 3036431.9512610435,
        "V294": 1794489.8213965893,
        "C14": 1548108.039702773,
        "C1_fq_enc": 1339597.9129468203,
        "V70": 1313914.8022916317,
        "C13": 1311185.3238236904,
        "V317": 1273880.9437767267,
        "D2_scaled": 1185927.0849061012,
        "V218": 1119979.7689266205
      }
    },
    "Fold3": {
      "trn_score": 0.9999993785512875,
      "val_score": 0.9507418909907185,
      "best_iteration": 2396,
      "elapsed_time": "96.70 min.",
      "feature_importance_top10": {
        "V258": 4192632.305725798,
        "R_emaildomain": 2304150.4139176607,
        "V294": 1707513.8740192652,
        "V257": 1548262.7599158287,
        "C14": 1494319.115810126,
        "V70": 1433315.4121114016,
        "C1_fq_enc": 1244359.1346110702,
        "C13": 1226553.2003442347,
        "V317": 1206796.36974442,
        "D2_scaled": 1086472.804019928
      }
    },
    "Fold4": {
      "trn_score": 0.9998607443818534,
      "val_score": 0.9435691283761936,
      "best_iteration": 1289,
      "elapsed_time": "52.21 min.",
      "feature_importance_top10": {
        "V258": 3742121.139099121,
        "R_emaildomain": 3093264.748233795,
        "V294": 1824156.29342556,
        "C14": 1584222.1250333786,
        "V70": 1576951.7064332962,
        "C1_fq_enc": 1440969.8022871017,
        "C13": 1308779.5301084518,
        "V317": 1245978.5759105682,
        "D2_scaled": 1015688.4364128113,
        "P_emaildomain": 986421.0479774475
      }
    },
    "Fold5": {
      "trn_score": 0.9999993477490059,
      "val_score": 0.9541499603042628,
      "best_iteration": 2525,
      "elapsed_time": "118.51 min.",
      "feature_importance_top10": {
        "R_emaildomain": 3666905.264159739,
        "V258": 3459005.2286732793,
        "V294": 1759299.4599769115,
        "C14": 1512459.6921031773,
        "C1_fq_enc": 1382303.2940931637,
        "V70": 1355478.2262779474,
        "V317": 1276451.799979344,
        "C13": 1275091.7244857773,
        "V264": 1203754.6635298133,
        "D2_scaled": 1090807.855573861
      }
    },
    "Fold6": {
      "trn_score": 0.9999951225645964,
      "val_score": 0.9602200433709597,
      "best_iteration": 2162,
      "elapsed_time": "70.76 min.",
      "feature_importance_top10": {
        "V258": 4428269.44895041,
        "R_emaildomain": 2512441.3106877804,
        "V70": 1865177.357434392,
        "C14": 1549646.2081626654,
        "V294": 1470756.9725251198,
        "C1_fq_enc": 1429078.8652666807,
        "V218": 1382814.680003643,
        "C13": 1267319.8832948208,
        "D2_scaled": 1130878.1342492104,
        "V257": 1099260.9529316425
      }
    },
    "Full": {
      "val_score": 0.9400699327637541,
      "val_score_mean": 0.9451515541218781,
      "val_score_std": 0.01552494730055127
    }
  },
  "features": [
    [
      "TimeToLastTransaction",
      {
        "concat": false
      }
    ],
    [
      "Cents",
      {
        "round_num": 2
      }
    ],
    [
      "TimeToFutureTransaction",
      {
        "step": -1
      }
    ],
    [
      "TimeToFutureTransaction",
      {
        "step": -2
      }
    ],
    [
      "TimeToFutureTransaction",
      {
        "step": -3
      }
    ],
    [
      "TimeToFutureTransaction",
      {
        "step": -4
      }
    ],
    [
      "TimeToFutureTransaction",
      {
        "step": -5
      }
    ],
    [
      "KonstantinFeature2",
      {}
    ]
  ],
  "cols_to_drop": [
    "TransactionID",
    "TransactionDT",
    "isFraud",
    "DT",
    "DT_M",
    "DT_W",
    "DT_D",
    "DT_hour",
    "DT_day_week",
    "DT_day_month",
    "DT_M_total",
    "DT_W_total",
    "DT_D_total",
    "uid",
    "uid2",
    "uid3",
    "uid4",
    "uid5",
    "bank_type"
  ]
}